((-4+3x)+9)=-1x,x=-5/4,(= (+ (+ (-4) (* (3) (x))) (9)) (* (-1) (x))),(= (x) (/ (-5) (4)))
((2+4x)+8)=6x,x=5,(= (+ (+ (2) (* (4) (x))) (8)) (* (6) (x))),(= (x) (5))
((6+-3x)+9)=x,x=15/4,(= (+ (+ (6) (* (-3) (x))) (9)) (x)),(= (x) (/ (15) (4)))
((4+-5x)+-1)=-4x,x=3,(= (+ (+ (4) (* (-5) (x))) (-1)) (* (-4) (x))),(= (x) (3))
((-5+7x)+-9)=0,x=2,(= (+ (+ (-5) (* (7) (x))) (-9)) (0)),(= (x) (2))
((8+4x)+-9)=-6x,x=1/10,(= (+ (+ (8) (* (4) (x))) (-9)) (* (-6) (x))),(= (x) (/ (1) (10)))
((1+9x)+-1)=2x,x=0,(= (+ (+ (1) (* (9) (x))) (-1)) (* (2) (x))),(= (x) (0))
((0+-2x)+-6)=8x,x=-3/5,(= (+ (+ (0) (* (-2) (x))) (-6)) (* (8) (x))),(= (x) (/ (-3) (5)))
((-4+4x)+-2)=x,x=2,(= (+ (+ (-4) (* (4) (x))) (-2)) (x)),(= (x) (2))
((-4+-3x)+4)=-8x,x=0,(= (+ (+ (-4) (* (-3) (x))) (4)) (* (-8) (x))),(= (x) (0))
((7+5x)+-4)=0,x=-3/5,(= (+ (+ (7) (* (5) (x))) (-4)) (0)),(= (x) (/ (-3) (5)))
((3+8x)+-8)=9x,x=-5,(= (+ (+ (3) (* (8) (x))) (-8)) (* (9) (x))),(= (x) (-5))
((2+5x)+6)=8x,x=8/3,(= (+ (+ (2) (* (5) (x))) (6)) (* (8) (x))),(= (x) (/ (8) (3)))
((5+-1x)+-9)=-8x,x=4/7,(= (+ (+ (5) (* (-1) (x))) (-9)) (* (-8) (x))),(= (x) (/ (4) (7)))
((-2+9x)+0)=4x,x=2/5,(= (+ (+ (-2) (* (9) (x))) (0)) (* (4) (x))),(= (x) (/ (2) (5)))
((-1+-3x)+1)=3x,x=0,(= (+ (+ (-1) (* (-3) (x))) (1)) (* (3) (x))),(= (x) (0))
((8+x)+-5)=-6x,x=-3/7,(= (+ (+ (8) (x)) (-5)) (* (-6) (x))),(= (x) (/ (-3) (7)))
((5+6x)+-9)=3x,x=4/3,(= (+ (+ (5) (* (6) (x))) (-9)) (* (3) (x))),(= (x) (/ (4) (3)))
((-6+-6x)+-7)=2x,x=-13/8,(= (+ (+ (-6) (* (-6) (x))) (-7)) (* (2) (x))),(= (x) (/ (-13) (8)))
((-5+-8x)+-3)=-9x,x=8,(= (+ (+ (-5) (* (-8) (x))) (-3)) (* (-9) (x))),(= (x) (8))
((-6+8x)+2)=-4x,x=1/3,(= (+ (+ (-6) (* (8) (x))) (2)) (* (-4) (x))),(= (x) (/ (1) (3)))
((4+3x)+-9)=-3x,x=5/6,(= (+ (+ (4) (* (3) (x))) (-9)) (* (-3) (x))),(= (x) (/ (5) (6)))
((1+9x)+-4)=-6x,x=1/5,(= (+ (+ (1) (* (9) (x))) (-4)) (* (-6) (x))),(= (x) (/ (1) (5)))
((-8+-2x)+-6)=7x,x=-14/9,(= (+ (+ (-8) (* (-2) (x))) (-6)) (* (7) (x))),(= (x) (/ (-14) (9)))
((-3+-9x)+8)=-7x,x=5/2,(= (+ (+ (-3) (* (-9) (x))) (8)) (* (-7) (x))),(= (x) (/ (5) (2)))
((1+9x)+5)=-4x,x=-6/13,(= (+ (+ (1) (* (9) (x))) (5)) (* (-4) (x))),(= (x) (/ (-6) (13)))
((9+-1x)+-9)=3x,x=0,(= (+ (+ (9) (* (-1) (x))) (-9)) (* (3) (x))),(= (x) (0))
((-9+7x)+-2)=3x,x=11/4,(= (+ (+ (-9) (* (7) (x))) (-2)) (* (3) (x))),(= (x) (/ (11) (4)))
((-9+4x)+-9)=x,x=6,(= (+ (+ (-9) (* (4) (x))) (-9)) (x)),(= (x) (6))
((1+x)+8)=4x,x=3,(= (+ (+ (1) (x)) (8)) (* (4) (x))),(= (x) (3))
((-4+x)+0)=-7x,x=1/2,(= (+ (+ (-4) (x)) (0)) (* (-7) (x))),(= (x) (/ (1) (2)))
((7+-4x)+4)=8x,x=11/12,(= (+ (+ (7) (* (-4) (x))) (4)) (* (8) (x))),(= (x) (/ (11) (12)))
((4+5x)+-1)=-9x,x=-3/14,(= (+ (+ (4) (* (5) (x))) (-1)) (* (-9) (x))),(= (x) (/ (-3) (14)))
((-2+0)+0)=-7x,x=2/7,(= (+ (+ (-2) (0)) (0)) (* (-7) (x))),(= (x) (/ (2) (7)))
((0+-8x)+-9)=9x,x=-9/17,(= (+ (+ (0) (* (-8) (x))) (-9)) (* (9) (x))),(= (x) (/ (-9) (17)))
((7+8x)+8)=-3x,x=-15/11,(= (+ (+ (7) (* (8) (x))) (8)) (* (-3) (x))),(= (x) (/ (-15) (11)))
((6+-7x)+1)=x,x=7/8,(= (+ (+ (6) (* (-7) (x))) (1)) (x)),(= (x) (/ (7) (8)))
((0+8x)+-3)=-7x,x=1/5,(= (+ (+ (0) (* (8) (x))) (-3)) (* (-7) (x))),(= (x) (/ (1) (5)))
((-7+-6x)+8)=6x,x=1/12,(= (+ (+ (-7) (* (-6) (x))) (8)) (* (6) (x))),(= (x) (/ (1) (12)))
((-1+4x)+-9)=-3x,x=10/7,(= (+ (+ (-1) (* (4) (x))) (-9)) (* (-3) (x))),(= (x) (/ (10) (7)))
((3+-3x)+0)=7x,x=3/10,(= (+ (+ (3) (* (-3) (x))) (0)) (* (7) (x))),(= (x) (/ (3) (10)))
((-6+-3x)+-2)=-9x,x=4/3,(= (+ (+ (-6) (* (-3) (x))) (-2)) (* (-9) (x))),(= (x) (/ (4) (3)))
((3+5x)+-5)=6x,x=-2,(= (+ (+ (3) (* (5) (x))) (-5)) (* (6) (x))),(= (x) (-2))
((-2+2x)+2)=7x,x=0,(= (+ (+ (-2) (* (2) (x))) (2)) (* (7) (x))),(= (x) (0))
((2+5x)+-9)=8x,x=-7/3,(= (+ (+ (2) (* (5) (x))) (-9)) (* (8) (x))),(= (x) (/ (-7) (3)))
((-4+-8x)+-1)=0,x=-5/8,(= (+ (+ (-4) (* (-8) (x))) (-1)) (0)),(= (x) (/ (-5) (8)))
((2+-9x)+-4)=-8x,x=-2,(= (+ (+ (2) (* (-9) (x))) (-4)) (* (-8) (x))),(= (x) (-2))
((-1+-7x)+7)=-1x,x=1,(= (+ (+ (-1) (* (-7) (x))) (7)) (* (-1) (x))),(= (x) (1))
((-6+-6x)+-1)=7x,x=-7/13,(= (+ (+ (-6) (* (-6) (x))) (-1)) (* (7) (x))),(= (x) (/ (-7) (13)))
((-5+6x)+5)=2x,x=0,(= (+ (+ (-5) (* (6) (x))) (5)) (* (2) (x))),(= (x) (0))
((-7+6x)+1)=-1x,x=6/7,(= (+ (+ (-7) (* (6) (x))) (1)) (* (-1) (x))),(= (x) (/ (6) (7)))
((4+6x)+4)=-6x,x=-2/3,(= (+ (+ (4) (* (6) (x))) (4)) (* (-6) (x))),(= (x) (/ (-2) (3)))
((4+5x)+7)=7x,x=11/2,(= (+ (+ (4) (* (5) (x))) (7)) (* (7) (x))),(= (x) (/ (11) (2)))
((5+0)+-1)=6x,x=2/3,(= (+ (+ (5) (0)) (-1)) (* (6) (x))),(= (x) (/ (2) (3)))
((3+-3x)+-9)=-2x,x=-6,(= (+ (+ (3) (* (-3) (x))) (-9)) (* (-2) (x))),(= (x) (-6))
((7+-3x)+5)=-1x,x=6,(= (+ (+ (7) (* (-3) (x))) (5)) (* (-1) (x))),(= (x) (6))
((1+9x)+-9)=-4x,x=8/13,(= (+ (+ (1) (* (9) (x))) (-9)) (* (-4) (x))),(= (x) (/ (8) (13)))
((2+2x)+-2)=-3x,x=0,(= (+ (+ (2) (* (2) (x))) (-2)) (* (-3) (x))),(= (x) (0))
((1+-5x)+9)=-7x,x=-5,(= (+ (+ (1) (* (-5) (x))) (9)) (* (-7) (x))),(= (x) (-5))
((-5+2x)+-5)=7x,x=-2,(= (+ (+ (-5) (* (2) (x))) (-5)) (* (7) (x))),(= (x) (-2))
((-7+-7x)+-9)=7x,x=-8/7,(= (+ (+ (-7) (* (-7) (x))) (-9)) (* (7) (x))),(= (x) (/ (-8) (7)))
((6+-2x)+3)=-5x,x=-3,(= (+ (+ (6) (* (-2) (x))) (3)) (* (-5) (x))),(= (x) (-3))
((9+9x)+-1)=-1x,x=-4/5,(= (+ (+ (9) (* (9) (x))) (-1)) (* (-1) (x))),(= (x) (/ (-4) (5)))
((7+5x)+-5)=x,x=-1/2,(= (+ (+ (7) (* (5) (x))) (-5)) (x)),(= (x) (/ (-1) (2)))
((9+5x)+-9)=0,x=0,(= (+ (+ (9) (* (5) (x))) (-9)) (0)),(= (x) (0))
((8+2x)+5)=-5x,x=-13/7,(= (+ (+ (8) (* (2) (x))) (5)) (* (-5) (x))),(= (x) (/ (-13) (7)))
((6+9x)+0)=3x,x=-1,(= (+ (+ (6) (* (9) (x))) (0)) (* (3) (x))),(= (x) (-1))
((-4+3x)+-8)=-1x,x=3,(= (+ (+ (-4) (* (3) (x))) (-8)) (* (-1) (x))),(= (x) (3))
((-4+-8x)+-4)=-9x,x=8,(= (+ (+ (-4) (* (-8) (x))) (-4)) (* (-9) (x))),(= (x) (8))
((7+9x)+-7)=-6x,x=0,(= (+ (+ (7) (* (9) (x))) (-7)) (* (-6) (x))),(= (x) (0))
((0+8x)+0)=x,x=0,(= (+ (+ (0) (* (8) (x))) (0)) (x)),(= (x) (0))
((0+-2x)+-1)=-3x,x=1,(= (+ (+ (0) (* (-2) (x))) (-1)) (* (-3) (x))),(= (x) (1))
((7+-2x)+-1)=-9x,x=-6/7,(= (+ (+ (7) (* (-2) (x))) (-1)) (* (-9) (x))),(= (x) (/ (-6) (7)))
((0+2x)+7)=-8x,x=-7/10,(= (+ (+ (0) (* (2) (x))) (7)) (* (-8) (x))),(= (x) (/ (-7) (10)))
((3+8x)+-5)=6x,x=1,(= (+ (+ (3) (* (8) (x))) (-5)) (* (6) (x))),(= (x) (1))
((8+-3x)+4)=9x,x=1,(= (+ (+ (8) (* (-3) (x))) (4)) (* (9) (x))),(= (x) (1))
((-5+-1x)+-7)=8x,x=-4/3,(= (+ (+ (-5) (* (-1) (x))) (-7)) (* (8) (x))),(= (x) (/ (-4) (3)))
((5+8x)+-2)=x,x=-3/7,(= (+ (+ (5) (* (8) (x))) (-2)) (x)),(= (x) (/ (-3) (7)))
((-3+-8x)+-9)=0,x=-3/2,(= (+ (+ (-3) (* (-8) (x))) (-9)) (0)),(= (x) (/ (-3) (2)))
((-8+-5x)+1)=-3x,x=-7/2,(= (+ (+ (-8) (* (-5) (x))) (1)) (* (-3) (x))),(= (x) (/ (-7) (2)))
(3+6x)=(-7x+8),x=5/13,(= (+ (3) (* (6) (x))) (+ (* (-7) (x)) (8))),(= (x) (/ (5) (13)))
(-3+x)=(4x+3),x=-2,(= (+ (-3) (x)) (+ (* (4) (x)) (3))),(= (x) (-2))
(-1+-1x)=(-6x+-4),x=-3/5,(= (+ (-1) (* (-1) (x))) (+ (* (-6) (x)) (-4))),(= (x) (/ (-3) (5)))
(-3+-2x)=(8x+1),x=-2/5,(= (+ (-3) (* (-2) (x))) (+ (* (8) (x)) (1))),(= (x) (/ (-2) (5)))
(-4+-8x)=(6x+3),x=-1/2,(= (+ (-4) (* (-8) (x))) (+ (* (6) (x)) (3))),(= (x) (/ (-1) (2)))
(-4+-3x)=(9x+-8),x=1/3,(= (+ (-4) (* (-3) (x))) (+ (* (9) (x)) (-8))),(= (x) (/ (1) (3)))
(-8+8x)=(-6x+-9),x=-1/14,(= (+ (-8) (* (8) (x))) (+ (* (-6) (x)) (-9))),(= (x) (/ (-1) (14)))
(-3+x)=(9x+4),x=-7/8,(= (+ (-3) (x)) (+ (* (9) (x)) (4))),(= (x) (/ (-7) (8)))
(3+3x)=(-3x+3),x=0,(= (+ (3) (* (3) (x))) (+ (* (-3) (x)) (3))),(= (x) (0))
(-3+-8x)=(-9x+-5),x=-2,(= (+ (-3) (* (-8) (x))) (+ (* (-9) (x)) (-5))),(= (x) (-2))
(-7+-5x)=(0+-8),x=1/5,(= (+ (-7) (* (-5) (x))) (+ (0) (-8))),(= (x) (/ (1) (5)))
(4+-9x)=(x+-6),x=1,(= (+ (4) (* (-9) (x))) (+ (x) (-6))),(= (x) (1))
(6+5x)=(3x+3),x=-3/2,(= (+ (6) (* (5) (x))) (+ (* (3) (x)) (3))),(= (x) (/ (-3) (2)))
(9+-7x)=(9x+-7),x=1,(= (+ (9) (* (-7) (x))) (+ (* (9) (x)) (-7))),(= (x) (1))
(9+5x)=(6x+-2),x=11,(= (+ (9) (* (5) (x))) (+ (* (6) (x)) (-2))),(= (x) (11))
(-9+-9x)=(-6x+8),x=-17/3,(= (+ (-9) (* (-9) (x))) (+ (* (-6) (x)) (8))),(= (x) (/ (-17) (3)))
(-5+9x)=(-4x+8),x=1,(= (+ (-5) (* (9) (x))) (+ (* (-4) (x)) (8))),(= (x) (1))
(-3+3x)=(-5x+4),x=7/8,(= (+ (-3) (* (3) (x))) (+ (* (-5) (x)) (4))),(= (x) (/ (7) (8)))
(-4+-2x)=(5x+0),x=-4/7,(= (+ (-4) (* (-2) (x))) (+ (* (5) (x)) (0))),(= (x) (/ (-4) (7)))
(-9+8x)=(-3x+-6),x=3/11,(= (+ (-9) (* (8) (x))) (+ (* (-3) (x)) (-6))),(= (x) (/ (3) (11)))
(4+0)=(-1x+3),x=-1,(= (+ (4) (0)) (+ (* (-1) (x)) (3))),(= (x) (-1))
(4+0)=(9x+7),x=-1/3,(= (+ (4) (0)) (+ (* (9) (x)) (7))),(= (x) (/ (-1) (3)))
(-7+3x)=(-4x+-1),x=6/7,(= (+ (-7) (* (3) (x))) (+ (* (-4) (x)) (-1))),(= (x) (/ (6) (7)))
(4+-2x)=(3x+9),x=-1,(= (+ (4) (* (-2) (x))) (+ (* (3) (x)) (9))),(= (x) (-1))
(5+7x)=(3x+0),x=-5/4,(= (+ (5) (* (7) (x))) (+ (* (3) (x)) (0))),(= (x) (/ (-5) (4)))
(7+9x)=(-6x+3),x=-4/15,(= (+ (7) (* (9) (x))) (+ (* (-6) (x)) (3))),(= (x) (/ (-4) (15)))
(-5+-2x)=(-7x+-7),x=-2/5,(= (+ (-5) (* (-2) (x))) (+ (* (-7) (x)) (-7))),(= (x) (/ (-2) (5)))
(-3+2x)=(5x+-9),x=2,(= (+ (-3) (* (2) (x))) (+ (* (5) (x)) (-9))),(= (x) (2))
(2+7x)=(-2x+-9),x=-11/9,(= (+ (2) (* (7) (x))) (+ (* (-2) (x)) (-9))),(= (x) (/ (-11) (9)))
(7+-7x)=(2x+5),x=2/9,(= (+ (7) (* (-7) (x))) (+ (* (2) (x)) (5))),(= (x) (/ (2) (9)))
(-3+9x)=(4x+-6),x=-3/5,(= (+ (-3) (* (9) (x))) (+ (* (4) (x)) (-6))),(= (x) (/ (-3) (5)))
(-9+7x)=(-2x+-4),x=5/9,(= (+ (-9) (* (7) (x))) (+ (* (-2) (x)) (-4))),(= (x) (/ (5) (9)))
(6+-3x)=(3x+-4),x=5/3,(= (+ (6) (* (-3) (x))) (+ (* (3) (x)) (-4))),(= (x) (/ (5) (3)))
(-7+-3x)=(x+-9),x=1/2,(= (+ (-7) (* (-3) (x))) (+ (x) (-9))),(= (x) (/ (1) (2)))
(-6+6x)=(9x+2),x=-8/3,(= (+ (-6) (* (6) (x))) (+ (* (9) (x)) (2))),(= (x) (/ (-8) (3)))
(1+-7x)=(-3x+7),x=-3/2,(= (+ (1) (* (-7) (x))) (+ (* (-3) (x)) (7))),(= (x) (/ (-3) (2)))
(-3+-9x)=(7x+-7),x=1/4,(= (+ (-3) (* (-9) (x))) (+ (* (7) (x)) (-7))),(= (x) (/ (1) (4)))
(2+-6x)=(0+-9),x=11/6,(= (+ (2) (* (-6) (x))) (+ (0) (-9))),(= (x) (/ (11) (6)))
(-1+3x)=(4x+7),x=-8,(= (+ (-1) (* (3) (x))) (+ (* (4) (x)) (7))),(= (x) (-8))
(-6+7x)=(-3x+-6),x=0,(= (+ (-6) (* (7) (x))) (+ (* (-3) (x)) (-6))),(= (x) (0))
(-9+0)=(9x+-9),x=0,(= (+ (-9) (0)) (+ (* (9) (x)) (-9))),(= (x) (0))
(-2+-9x)=(9x+5),x=-7/18,(= (+ (-2) (* (-9) (x))) (+ (* (9) (x)) (5))),(= (x) (/ (-7) (18)))
(-3+6x)=(-6x+9),x=1,(= (+ (-3) (* (6) (x))) (+ (* (-6) (x)) (9))),(= (x) (1))
(-8+4x)=(-8x+2),x=5/6,(= (+ (-8) (* (4) (x))) (+ (* (-8) (x)) (2))),(= (x) (/ (5) (6)))
(0+8x)=(x+-1),x=-1/7,(= (+ (0) (* (8) (x))) (+ (x) (-1))),(= (x) (/ (-1) (7)))
(1+8x)=(-5x+-7),x=-8/13,(= (+ (1) (* (8) (x))) (+ (* (-5) (x)) (-7))),(= (x) (/ (-8) (13)))
(-3+-3x)=(6x+9),x=-4/3,(= (+ (-3) (* (-3) (x))) (+ (* (6) (x)) (9))),(= (x) (/ (-4) (3)))
(5+-1x)=(9x+7),x=-1/5,(= (+ (5) (* (-1) (x))) (+ (* (9) (x)) (7))),(= (x) (/ (-1) (5)))
(-3+2x)=(-9x+-3),x=0,(= (+ (-3) (* (2) (x))) (+ (* (-9) (x)) (-3))),(= (x) (0))
(-2+0)=(8x+-7),x=5/8,(= (+ (-2) (0)) (+ (* (8) (x)) (-7))),(= (x) (/ (5) (8)))
(-8+x)=(-3x+-2),x=3/2,(= (+ (-8) (x)) (+ (* (-3) (x)) (-2))),(= (x) (/ (3) (2)))
(-2+-8x)=(3x+4),x=-6/11,(= (+ (-2) (* (-8) (x))) (+ (* (3) (x)) (4))),(= (x) (/ (-6) (11)))
(-2+-5x)=(0+8),x=-2,(= (+ (-2) (* (-5) (x))) (+ (0) (8))),(= (x) (-2))
(-8+5x)=(8x+2),x=-10/3,(= (+ (-8) (* (5) (x))) (+ (* (8) (x)) (2))),(= (x) (/ (-10) (3)))
(1+-1x)=(-9x+6),x=5/8,(= (+ (1) (* (-1) (x))) (+ (* (-9) (x)) (6))),(= (x) (/ (5) (8)))
(-7+-3x)=(-2x+-4),x=-3,(= (+ (-7) (* (-3) (x))) (+ (* (-2) (x)) (-4))),(= (x) (-3))
(0+-8x)=(-6x+-8),x=4,(= (+ (0) (* (-8) (x))) (+ (* (-6) (x)) (-8))),(= (x) (4))
(8+-5x)=(-3x+0),x=4,(= (+ (8) (* (-5) (x))) (+ (* (-3) (x)) (0))),(= (x) (4))
(9+-5x)=(3x+7),x=1/4,(= (+ (9) (* (-5) (x))) (+ (* (3) (x)) (7))),(= (x) (/ (1) (4)))
(-6+-4x)=(4x+-2),x=-1/2,(= (+ (-6) (* (-4) (x))) (+ (* (4) (x)) (-2))),(= (x) (/ (-1) (2)))
(0+9x)=(0+2),x=2/9,(= (+ (0) (* (9) (x))) (+ (0) (2))),(= (x) (/ (2) (9)))
(-8+-6x)=(2x+6),x=-7/4,(= (+ (-8) (* (-6) (x))) (+ (* (2) (x)) (6))),(= (x) (/ (-7) (4)))
(7+8x)=(2x+7),x=0,(= (+ (7) (* (8) (x))) (+ (* (2) (x)) (7))),(= (x) (0))
(-7+8x)=(-7x+4),x=11/15,(= (+ (-7) (* (8) (x))) (+ (* (-7) (x)) (4))),(= (x) (/ (11) (15)))
(-4+4x)=(2x+-4),x=0,(= (+ (-4) (* (4) (x))) (+ (* (2) (x)) (-4))),(= (x) (0))
(-4+-8x)=(3x+-2),x=-2/11,(= (+ (-4) (* (-8) (x))) (+ (* (3) (x)) (-2))),(= (x) (/ (-2) (11)))
(-6+x)=(9x+1),x=-7/8,(= (+ (-6) (x)) (+ (* (9) (x)) (1))),(= (x) (/ (-7) (8)))
(-6+-1x)=(7x+3),x=-9/8,(= (+ (-6) (* (-1) (x))) (+ (* (7) (x)) (3))),(= (x) (/ (-9) (8)))
(-7+7x)=(0+-8),x=-1/7,(= (+ (-7) (* (7) (x))) (+ (0) (-8))),(= (x) (/ (-1) (7)))
(-2+6x)=(2x+9),x=11/4,(= (+ (-2) (* (6) (x))) (+ (* (2) (x)) (9))),(= (x) (/ (11) (4)))
(2+-7x)=(4x+-6),x=8/11,(= (+ (2) (* (-7) (x))) (+ (* (4) (x)) (-6))),(= (x) (/ (8) (11)))
(3+-6x)=(-2x+4),x=-1/4,(= (+ (3) (* (-6) (x))) (+ (* (-2) (x)) (4))),(= (x) (/ (-1) (4)))
(5+-1x)=(8x+1),x=4/9,(= (+ (5) (* (-1) (x))) (+ (* (8) (x)) (1))),(= (x) (/ (4) (9)))
(-6+-8x)=(9x+8),x=-14/17,(= (+ (-6) (* (-8) (x))) (+ (* (9) (x)) (8))),(= (x) (/ (-14) (17)))
(-5+8x)=(-2x+8),x=13/10,(= (+ (-5) (* (8) (x))) (+ (* (-2) (x)) (8))),(= (x) (/ (13) (10)))
(-3+-6x)=(2x+-8),x=5/8,(= (+ (-3) (* (-6) (x))) (+ (* (2) (x)) (-8))),(= (x) (/ (5) (8)))
(-6+4x)=(8x+6),x=-3,(= (+ (-6) (* (4) (x))) (+ (* (8) (x)) (6))),(= (x) (-3))
(-7+2x)=(4x+-3),x=-2,(= (+ (-7) (* (2) (x))) (+ (* (4) (x)) (-3))),(= (x) (-2))
(5+-7x)=(-2x+5),x=0,(= (+ (5) (* (-7) (x))) (+ (* (-2) (x)) (5))),(= (x) (0))
(-9+2x)=(-9x+-5),x=4/11,(= (+ (-9) (* (2) (x))) (+ (* (-9) (x)) (-5))),(= (x) (/ (4) (11)))
8x=-7,x=-7/8,(= (* (8) (x)) (-7)),(= (x) (/ (-7) (8)))
9x=7,x=7/9,(= (* (9) (x)) (7)),(= (x) (/ (7) (9)))
-3x=-6,x=2,(= (* (-3) (x)) (-6)),(= (x) (2))
-2x=9,x=-9/2,(= (* (-2) (x)) (9)),(= (x) (/ (-9) (2)))
-5x=-9,x=9/5,(= (* (-5) (x)) (-9)),(= (x) (/ (9) (5)))
9x=5,x=5/9,(= (* (9) (x)) (5)),(= (x) (/ (5) (9)))
9x=-4,x=-4/9,(= (* (9) (x)) (-4)),(= (x) (/ (-4) (9)))
7x=-9,x=-9/7,(= (* (7) (x)) (-9)),(= (x) (/ (-9) (7)))
3x=8,x=8/3,(= (* (3) (x)) (8)),(= (x) (/ (8) (3)))
-1x=-4,x=4,(= (* (-1) (x)) (-4)),(= (x) (4))
5x=-9,x=-9/5,(= (* (5) (x)) (-9)),(= (x) (/ (-9) (5)))
8x=3,x=3/8,(= (* (8) (x)) (3)),(= (x) (/ (3) (8)))
2x=1,x=1/2,(= (* (2) (x)) (1)),(= (x) (/ (1) (2)))
-3x=2,x=-2/3,(= (* (-3) (x)) (2)),(= (x) (/ (-2) (3)))
-5x=6,x=-6/5,(= (* (-5) (x)) (6)),(= (x) (/ (-6) (5)))
5x=-5,x=-1,(= (* (5) (x)) (-5)),(= (x) (-1))
4x=-1,x=-1/4,(= (* (4) (x)) (-1)),(= (x) (/ (-1) (4)))
-9x=-6,x=2/3,(= (* (-9) (x)) (-6)),(= (x) (/ (2) (3)))
2x=8,x=4,(= (* (2) (x)) (8)),(= (x) (4))
4x=6,x=3/2,(= (* (4) (x)) (6)),(= (x) (/ (3) (2)))
4x=5,x=5/4,(= (* (4) (x)) (5)),(= (x) (/ (5) (4)))
-9x=-3,x=1/3,(= (* (-9) (x)) (-3)),(= (x) (/ (1) (3)))
7x=-8,x=-8/7,(= (* (7) (x)) (-8)),(= (x) (/ (-8) (7)))
5x=-6,x=-6/5,(= (* (5) (x)) (-6)),(= (x) (/ (-6) (5)))
-8x=-3,x=3/8,(= (* (-8) (x)) (-3)),(= (x) (/ (3) (8)))
-3x=7,x=-7/3,(= (* (-3) (x)) (7)),(= (x) (/ (-7) (3)))
-1x=-8,x=8,(= (* (-1) (x)) (-8)),(= (x) (8))
2x=5,x=5/2,(= (* (2) (x)) (5)),(= (x) (/ (5) (2)))
-4x=5,x=-5/4,(= (* (-4) (x)) (5)),(= (x) (/ (-5) (4)))
-4x=0,x=0,(= (* (-4) (x)) (0)),(= (x) (0))
2x=-4,x=-2,(= (* (2) (x)) (-4)),(= (x) (-2))
-7x=8,x=-8/7,(= (* (-7) (x)) (8)),(= (x) (/ (-8) (7)))
-2x=6,x=-3,(= (* (-2) (x)) (6)),(= (x) (-3))
9x=6,x=2/3,(= (* (9) (x)) (6)),(= (x) (/ (2) (3)))
7x=-5,x=-5/7,(= (* (7) (x)) (-5)),(= (x) (/ (-5) (7)))
4x=8,x=2,(= (* (4) (x)) (8)),(= (x) (2))
x=-9,x=-9,(= (x) (-9)),(= (x) (-9))
-5x=-1,x=1/5,(= (* (-5) (x)) (-1)),(= (x) (/ (1) (5)))
5x=3,x=3/5,(= (* (5) (x)) (3)),(= (x) (/ (3) (5)))
-8x=-6,x=3/4,(= (* (-8) (x)) (-6)),(= (x) (/ (3) (4)))
-6x=3,x=-1/2,(= (* (-6) (x)) (3)),(= (x) (/ (-1) (2)))
5x=2,x=2/5,(= (* (5) (x)) (2)),(= (x) (/ (2) (5)))
3x=0,x=0,(= (* (3) (x)) (0)),(= (x) (0))
-3x=6,x=-2,(= (* (-3) (x)) (6)),(= (x) (-2))
6x=8,x=4/3,(= (* (6) (x)) (8)),(= (x) (/ (4) (3)))
-6x=6,x=-1,(= (* (-6) (x)) (6)),(= (x) (-1))
-2x=1,x=-1/2,(= (* (-2) (x)) (1)),(= (x) (/ (-1) (2)))
4x=2,x=1/2,(= (* (4) (x)) (2)),(= (x) (/ (1) (2)))
4x=3,x=3/4,(= (* (4) (x)) (3)),(= (x) (/ (3) (4)))
-3x=3,x=-1,(= (* (-3) (x)) (3)),(= (x) (-1))
-7x=-1,x=1/7,(= (* (-7) (x)) (-1)),(= (x) (/ (1) (7)))
-5x=3,x=-3/5,(= (* (-5) (x)) (3)),(= (x) (/ (-3) (5)))
-1x=5,x=-5,(= (* (-1) (x)) (5)),(= (x) (-5))
-8x=-7,x=7/8,(= (* (-8) (x)) (-7)),(= (x) (/ (7) (8)))
x=6,x=6,(= (x) (6)),(= (x) (6))
7x=0,x=0,(= (* (7) (x)) (0)),(= (x) (0))
7x=5,x=5/7,(= (* (7) (x)) (5)),(= (x) (/ (5) (7)))
-1x=-1,x=1,(= (* (-1) (x)) (-1)),(= (x) (1))
9x=-7,x=-7/9,(= (* (9) (x)) (-7)),(= (x) (/ (-7) (9)))
4x=1,x=1/4,(= (* (4) (x)) (1)),(= (x) (/ (1) (4)))
-5x=0,x=0,(= (* (-5) (x)) (0)),(= (x) (0))
2x=-5,x=-5/2,(= (* (2) (x)) (-5)),(= (x) (/ (-5) (2)))
7x=7,x=1,(= (* (7) (x)) (7)),(= (x) (1))
-4x=6,x=-3/2,(= (* (-4) (x)) (6)),(= (x) (/ (-3) (2)))
-8x=0,x=0,(= (* (-8) (x)) (0)),(= (x) (0))
5x=8,x=8/5,(= (* (5) (x)) (8)),(= (x) (/ (8) (5)))
x=-6,x=-6,(= (x) (-6)),(= (x) (-6))
-6x=-5,x=5/6,(= (* (-6) (x)) (-5)),(= (x) (/ (5) (6)))
-7x=-4,x=4/7,(= (* (-7) (x)) (-4)),(= (x) (/ (4) (7)))
3x=5,x=5/3,(= (* (3) (x)) (5)),(= (x) (/ (5) (3)))
6x=3,x=1/2,(= (* (6) (x)) (3)),(= (x) (/ (1) (2)))
-2x=4,x=-2,(= (* (-2) (x)) (4)),(= (x) (-2))
-7x=4,x=-4/7,(= (* (-7) (x)) (4)),(= (x) (/ (-4) (7)))
9x=8,x=8/9,(= (* (9) (x)) (8)),(= (x) (/ (8) (9)))
-3x=-4,x=4/3,(= (* (-3) (x)) (-4)),(= (x) (/ (4) (3)))
-5x=4,x=-4/5,(= (* (-5) (x)) (4)),(= (x) (/ (-4) (5)))
4x=-6,x=-3/2,(= (* (4) (x)) (-6)),(= (x) (/ (-3) (2)))
9x=3,x=1/3,(= (* (9) (x)) (3)),(= (x) (/ (1) (3)))
-3x=5,x=-5/3,(= (* (-3) (x)) (5)),(= (x) (/ (-5) (3)))
8x=7,x=7/8,(= (* (8) (x)) (7)),(= (x) (/ (7) (8)))
(-4x+-8x)=-4,x=1/3,(= (+ (* (-4) (x)) (* (-8) (x))) (-4)),(= (x) (/ (1) (3)))
(5x+-3x)=6,x=3,(= (+ (* (5) (x)) (* (-3) (x))) (6)),(= (x) (3))
(-5x+-9x)=-1,x=1/14,(= (+ (* (-5) (x)) (* (-9) (x))) (-1)),(= (x) (/ (1) (14)))
(-5x+3x)=-5,x=5/2,(= (+ (* (-5) (x)) (* (3) (x))) (-5)),(= (x) (/ (5) (2)))
(8x+6x)=2,x=1/7,(= (+ (* (8) (x)) (* (6) (x))) (2)),(= (x) (/ (1) (7)))
(6x+-1x)=0,x=0,(= (+ (* (6) (x)) (* (-1) (x))) (0)),(= (x) (0))
(5x+8x)=-8,x=-8/13,(= (+ (* (5) (x)) (* (8) (x))) (-8)),(= (x) (/ (-8) (13)))
(6x+-7x)=9,x=-9,(= (+ (* (6) (x)) (* (-7) (x))) (9)),(= (x) (-9))
(7x+-8x)=5,x=-5,(= (+ (* (7) (x)) (* (-8) (x))) (5)),(= (x) (-5))
(8x+5x)=9,x=9/13,(= (+ (* (8) (x)) (* (5) (x))) (9)),(= (x) (/ (9) (13)))
(2x+4x)=7,x=7/6,(= (+ (* (2) (x)) (* (4) (x))) (7)),(= (x) (/ (7) (6)))
(2x+-8x)=-7,x=7/6,(= (+ (* (2) (x)) (* (-8) (x))) (-7)),(= (x) (/ (7) (6)))
(8x+-1x)=5,x=5/7,(= (+ (* (8) (x)) (* (-1) (x))) (5)),(= (x) (/ (5) (7)))
(x+2x)=3,x=1,(= (+ (x) (* (2) (x))) (3)),(= (x) (1))
(-2x+7x)=4,x=4/5,(= (+ (* (-2) (x)) (* (7) (x))) (4)),(= (x) (/ (4) (5)))
(9x+6x)=-5,x=-1/3,(= (+ (* (9) (x)) (* (6) (x))) (-5)),(= (x) (/ (-1) (3)))
(-1x+-2x)=8,x=-8/3,(= (+ (* (-1) (x)) (* (-2) (x))) (8)),(= (x) (/ (-8) (3)))
(-5x+4x)=-4,x=4,(= (+ (* (-5) (x)) (* (4) (x))) (-4)),(= (x) (4))
(2x+7x)=-5,x=-5/9,(= (+ (* (2) (x)) (* (7) (x))) (-5)),(= (x) (/ (-5) (9)))
(-1x+3x)=-9,x=-9/2,(= (+ (* (-1) (x)) (* (3) (x))) (-9)),(= (x) (/ (-9) (2)))
(-1x+0)=-7,x=7,(= (+ (* (-1) (x)) (0)) (-7)),(= (x) (7))
(-3x+-4x)=2,x=-2/7,(= (+ (* (-3) (x)) (* (-4) (x))) (2)),(= (x) (/ (-2) (7)))
(-6x+9x)=7,x=7/3,(= (+ (* (-6) (x)) (* (9) (x))) (7)),(= (x) (/ (7) (3)))
(4x+4x)=5,x=5/8,(= (+ (* (4) (x)) (* (4) (x))) (5)),(= (x) (/ (5) (8)))
(-7x+-2x)=-3,x=1/3,(= (+ (* (-7) (x)) (* (-2) (x))) (-3)),(= (x) (/ (1) (3)))
(x+-9x)=5,x=-5/8,(= (+ (x) (* (-9) (x))) (5)),(= (x) (/ (-5) (8)))
(3x+9x)=-9,x=-3/4,(= (+ (* (3) (x)) (* (9) (x))) (-9)),(= (x) (/ (-3) (4)))
(4x+-8x)=4,x=-1,(= (+ (* (4) (x)) (* (-8) (x))) (4)),(= (x) (-1))
(-7x+-2x)=-5,x=5/9,(= (+ (* (-7) (x)) (* (-2) (x))) (-5)),(= (x) (/ (5) (9)))
(3x+-5x)=-3,x=3/2,(= (+ (* (3) (x)) (* (-5) (x))) (-3)),(= (x) (/ (3) (2)))
(-3x+5x)=3,x=3/2,(= (+ (* (-3) (x)) (* (5) (x))) (3)),(= (x) (/ (3) (2)))
(-2x+-6x)=6,x=-3/4,(= (+ (* (-2) (x)) (* (-6) (x))) (6)),(= (x) (/ (-3) (4)))
(4x+-3x)=8,x=8,(= (+ (* (4) (x)) (* (-3) (x))) (8)),(= (x) (8))
(-4x+-1x)=-1,x=1/5,(= (+ (* (-4) (x)) (* (-1) (x))) (-1)),(= (x) (/ (1) (5)))
(-8x+-1x)=-8,x=8/9,(= (+ (* (-8) (x)) (* (-1) (x))) (-8)),(= (x) (/ (8) (9)))
(5x+3x)=9,x=9/8,(= (+ (* (5) (x)) (* (3) (x))) (9)),(= (x) (/ (9) (8)))
(7x+8x)=-8,x=-8/15,(= (+ (* (7) (x)) (* (8) (x))) (-8)),(= (x) (/ (-8) (15)))
(5x+9x)=2,x=1/7,(= (+ (* (5) (x)) (* (9) (x))) (2)),(= (x) (/ (1) (7)))
(-4x+5x)=9,x=9,(= (+ (* (-4) (x)) (* (5) (x))) (9)),(= (x) (9))
(0+9x)=8,x=8/9,(= (+ (0) (* (9) (x))) (8)),(= (x) (/ (8) (9)))
(-8x+x)=-7,x=1,(= (+ (* (-8) (x)) (x)) (-7)),(= (x) (1))
(x+5x)=-1,x=-1/6,(= (+ (x) (* (5) (x))) (-1)),(= (x) (/ (-1) (6)))
(-7x+0)=-1,x=1/7,(= (+ (* (-7) (x)) (0)) (-1)),(= (x) (/ (1) (7)))
(-5x+3x)=-3,x=3/2,(= (+ (* (-5) (x)) (* (3) (x))) (-3)),(= (x) (/ (3) (2)))
(8x+0)=-8,x=-1,(= (+ (* (8) (x)) (0)) (-8)),(= (x) (-1))
(-6x+-8x)=-7,x=1/2,(= (+ (* (-6) (x)) (* (-8) (x))) (-7)),(= (x) (/ (1) (2)))
(-3x+2x)=6,x=-6,(= (+ (* (-3) (x)) (* (2) (x))) (6)),(= (x) (-6))
(-2x+6x)=5,x=5/4,(= (+ (* (-2) (x)) (* (6) (x))) (5)),(= (x) (/ (5) (4)))
(8x+-7x)=-5,x=-5,(= (+ (* (8) (x)) (* (-7) (x))) (-5)),(= (x) (-5))
(-6x+7x)=-9,x=-9,(= (+ (* (-6) (x)) (* (7) (x))) (-9)),(= (x) (-9))
(x+-5x)=-2,x=1/2,(= (+ (x) (* (-5) (x))) (-2)),(= (x) (/ (1) (2)))
(6x+7x)=-3,x=-3/13,(= (+ (* (6) (x)) (* (7) (x))) (-3)),(= (x) (/ (-3) (13)))
(-6x+-8x)=9,x=-9/14,(= (+ (* (-6) (x)) (* (-8) (x))) (9)),(= (x) (/ (-9) (14)))
(5x+-9x)=6,x=-3/2,(= (+ (* (5) (x)) (* (-9) (x))) (6)),(= (x) (/ (-3) (2)))
(-4x+-5x)=6,x=-2/3,(= (+ (* (-4) (x)) (* (-5) (x))) (6)),(= (x) (/ (-2) (3)))
(2x+6x)=-4,x=-1/2,(= (+ (* (2) (x)) (* (6) (x))) (-4)),(= (x) (/ (-1) (2)))
(9x+4x)=-2,x=-2/13,(= (+ (* (9) (x)) (* (4) (x))) (-2)),(= (x) (/ (-2) (13)))
(-6x+3x)=9,x=-3,(= (+ (* (-6) (x)) (* (3) (x))) (9)),(= (x) (-3))
(0+2x)=1,x=1/2,(= (+ (0) (* (2) (x))) (1)),(= (x) (/ (1) (2)))
(9x+9x)=-7,x=-7/18,(= (+ (* (9) (x)) (* (9) (x))) (-7)),(= (x) (/ (-7) (18)))
(2x+8x)=-4,x=-2/5,(= (+ (* (2) (x)) (* (8) (x))) (-4)),(= (x) (/ (-2) (5)))
(-1x+8x)=9,x=9/7,(= (+ (* (-1) (x)) (* (8) (x))) (9)),(= (x) (/ (9) (7)))
(8x+3x)=-4,x=-4/11,(= (+ (* (8) (x)) (* (3) (x))) (-4)),(= (x) (/ (-4) (11)))
(8x+4x)=0,x=0,(= (+ (* (8) (x)) (* (4) (x))) (0)),(= (x) (0))
(6x+-2x)=-7,x=-7/4,(= (+ (* (6) (x)) (* (-2) (x))) (-7)),(= (x) (/ (-7) (4)))
(5x+-4x)=8,x=8,(= (+ (* (5) (x)) (* (-4) (x))) (8)),(= (x) (8))
(5x+5x)=-7,x=-7/10,(= (+ (* (5) (x)) (* (5) (x))) (-7)),(= (x) (/ (-7) (10)))
(7x+-1x)=4,x=2/3,(= (+ (* (7) (x)) (* (-1) (x))) (4)),(= (x) (/ (2) (3)))
(-1x+8x)=0,x=0,(= (+ (* (-1) (x)) (* (8) (x))) (0)),(= (x) (0))
(-1x+-3x)=-5,x=5/4,(= (+ (* (-1) (x)) (* (-3) (x))) (-5)),(= (x) (/ (5) (4)))
(-9x+2x)=-9,x=9/7,(= (+ (* (-9) (x)) (* (2) (x))) (-9)),(= (x) (/ (9) (7)))
(-1x+5x)=-4,x=-1,(= (+ (* (-1) (x)) (* (5) (x))) (-4)),(= (x) (-1))
(9x+-2x)=4,x=4/7,(= (+ (* (9) (x)) (* (-2) (x))) (4)),(= (x) (/ (4) (7)))
(8x+6x)=7,x=1/2,(= (+ (* (8) (x)) (* (6) (x))) (7)),(= (x) (/ (1) (2)))
(-2x+-9x)=-6,x=6/11,(= (+ (* (-2) (x)) (* (-9) (x))) (-6)),(= (x) (/ (6) (11)))
(-6x+0)=-3,x=1/2,(= (+ (* (-6) (x)) (0)) (-3)),(= (x) (/ (1) (2)))
(-3x+x)=7,x=-7/2,(= (+ (* (-3) (x)) (x)) (7)),(= (x) (/ (-7) (2)))
(x+-7x)=5,x=-5/6,(= (+ (x) (* (-7) (x))) (5)),(= (x) (/ (-5) (6)))
(5x+-8x)=6,x=-2,(= (+ (* (5) (x)) (* (-8) (x))) (6)),(= (x) (-2))
(-5x+-2x)=5,x=-5/7,(= (+ (* (-5) (x)) (* (-2) (x))) (5)),(= (x) (/ (-5) (7)))
-8=(-7+(9/x)),x=-9,(= (-8) (+ (-7) (/ (9) (x)))),(= (x) (-9))
-3=(-1+(4/x)),x=-2,(= (-3) (+ (-1) (/ (4) (x)))),(= (x) (-2))
3=(-4+(-7/x)),x=-1,(= (3) (+ (-4) (/ (-7) (x)))),(= (x) (-1))
-9=(5+(-6/x)),x=3/7,(= (-9) (+ (5) (/ (-6) (x)))),(= (x) (/ (3) (7)))
5=(-4+(5/x)),x=5/9,(= (5) (+ (-4) (/ (5) (x)))),(= (x) (/ (5) (9)))
0=(4+(-8/x)),x=2,(= (0) (+ (4) (/ (-8) (x)))),(= (x) (2))
1=(0+(4/x)),x=4,(= (1) (+ (0) (/ (4) (x)))),(= (x) (4))
0=(-9+0),x=0,(= (0) (+ (-9) (0))),(= (x) (0))
-1=(-8+(5/x)),x=5/7,(= (-1) (+ (-8) (/ (5) (x)))),(= (x) (/ (5) (7)))
6=(-5+(7/x)),x=7/11,(= (6) (+ (-5) (/ (7) (x)))),(= (x) (/ (7) (11)))
4=(1+(3/x)),x=1,(= (4) (+ (1) (/ (3) (x)))),(= (x) (1))
-7=(5+(2/x)),x=-1/6,(= (-7) (+ (5) (/ (2) (x)))),(= (x) (/ (-1) (6)))
7=(-8+(3/x)),x=1/5,(= (7) (+ (-8) (/ (3) (x)))),(= (x) (/ (1) (5)))
8=(6+(8/x)),x=4,(= (8) (+ (6) (/ (8) (x)))),(= (x) (4))
-6=(1+(-1/x)),x=1/7,(= (-6) (+ (1) (/ (-1) (x)))),(= (x) (/ (1) (7)))
-2=(-6+(5/x)),x=5/4,(= (-2) (+ (-6) (/ (5) (x)))),(= (x) (/ (5) (4)))
1=(7+(-1/x)),x=1/6,(= (1) (+ (7) (/ (-1) (x)))),(= (x) (/ (1) (6)))
-2=(-7+(-5/x)),x=-1,(= (-2) (+ (-7) (/ (-5) (x)))),(= (x) (-1))
-5=(7+(5/x)),x=-5/12,(= (-5) (+ (7) (/ (5) (x)))),(= (x) (/ (-5) (12)))
5=(6+0),x=0,(= (5) (+ (6) (0))),(= (x) (0))
-9=(-5+(4/x)),x=-1,(= (-9) (+ (-5) (/ (4) (x)))),(= (x) (-1))
-4=(8+(6/x)),x=-1/2,(= (-4) (+ (8) (/ (6) (x)))),(= (x) (/ (-1) (2)))
6=(-6+(8/x)),x=2/3,(= (6) (+ (-6) (/ (8) (x)))),(= (x) (/ (2) (3)))
5=(1+(-6/x)),x=-3/2,(= (5) (+ (1) (/ (-6) (x)))),(= (x) (/ (-3) (2)))
-9=(1+(2/x)),x=-1/5,(= (-9) (+ (1) (/ (2) (x)))),(= (x) (/ (-1) (5)))
-2=(9+(3/x)),x=-3/11,(= (-2) (+ (9) (/ (3) (x)))),(= (x) (/ (-3) (11)))
8=(-8+(-9/x)),x=-9/16,(= (8) (+ (-8) (/ (-9) (x)))),(= (x) (/ (-9) (16)))
-8=(-4+(-7/x)),x=7/4,(= (-8) (+ (-4) (/ (-7) (x)))),(= (x) (/ (7) (4)))
0=(-6+(5/x)),x=5/6,(= (0) (+ (-6) (/ (5) (x)))),(= (x) (/ (5) (6)))
1=(3+(-1/x)),x=1/2,(= (1) (+ (3) (/ (-1) (x)))),(= (x) (/ (1) (2)))
-7=(0+(5/x)),x=-5/7,(= (-7) (+ (0) (/ (5) (x)))),(= (x) (/ (-5) (7)))
0=(2+(-2/x)),x=1,(= (0) (+ (2) (/ (-2) (x)))),(= (x) (1))
-7=(1+(-2/x)),x=1/4,(= (-7) (+ (1) (/ (-2) (x)))),(= (x) (/ (1) (4)))
-9=(7+(9/x)),x=-9/16,(= (-9) (+ (7) (/ (9) (x)))),(= (x) (/ (-9) (16)))
2=(6+(-8/x)),x=2,(= (2) (+ (6) (/ (-8) (x)))),(= (x) (2))
9=(-2+(-6/x)),x=-6/11,(= (9) (+ (-2) (/ (-6) (x)))),(= (x) (/ (-6) (11)))
-9=(-5+(3/x)),x=-3/4,(= (-9) (+ (-5) (/ (3) (x)))),(= (x) (/ (-3) (4)))
-4=(-5+(-1/x)),x=-1,(= (-4) (+ (-5) (/ (-1) (x)))),(= (x) (-1))
4=(-3+0),x=0,(= (4) (+ (-3) (0))),(= (x) (0))
-4=(-8+(9/x)),x=9/4,(= (-4) (+ (-8) (/ (9) (x)))),(= (x) (/ (9) (4)))
6=(-7+0),x=0,(= (6) (+ (-7) (0))),(= (x) (0))
4=(-8+(8/x)),x=2/3,(= (4) (+ (-8) (/ (8) (x)))),(= (x) (/ (2) (3)))
0=(2+(4/x)),x=-2,(= (0) (+ (2) (/ (4) (x)))),(= (x) (-2))
2=(6+(5/x)),x=-5/4,(= (2) (+ (6) (/ (5) (x)))),(= (x) (/ (-5) (4)))
-7=(3+(1/x)),x=-1/10,(= (-7) (+ (3) (/ (1) (x)))),(= (x) (/ (-1) (10)))
-5=(1+0),x=0,(= (-5) (+ (1) (0))),(= (x) (0))
-7=(1+(5/x)),x=-5/8,(= (-7) (+ (1) (/ (5) (x)))),(= (x) (/ (-5) (8)))
8=(-4+(-5/x)),x=-5/12,(= (8) (+ (-4) (/ (-5) (x)))),(= (x) (/ (-5) (12)))
2=(9+(-2/x)),x=2/7,(= (2) (+ (9) (/ (-2) (x)))),(= (x) (/ (2) (7)))
-5=(9+(-9/x)),x=9/14,(= (-5) (+ (9) (/ (-9) (x)))),(= (x) (/ (9) (14)))
4=(-6+(-6/x)),x=-3/5,(= (4) (+ (-6) (/ (-6) (x)))),(= (x) (/ (-3) (5)))
2=(-9+(2/x)),x=2/11,(= (2) (+ (-9) (/ (2) (x)))),(= (x) (/ (2) (11)))
-5=(-6+(-9/x)),x=-9,(= (-5) (+ (-6) (/ (-9) (x)))),(= (x) (-9))
-6=(6+0),x=0,(= (-6) (+ (6) (0))),(= (x) (0))
4=(8+(-2/x)),x=1/2,(= (4) (+ (8) (/ (-2) (x)))),(= (x) (/ (1) (2)))
9=(4+(2/x)),x=2/5,(= (9) (+ (4) (/ (2) (x)))),(= (x) (/ (2) (5)))
-3=(7+(3/x)),x=-3/10,(= (-3) (+ (7) (/ (3) (x)))),(= (x) (/ (-3) (10)))
-2=(3+0),x=0,(= (-2) (+ (3) (0))),(= (x) (0))
6=(-5+(-6/x)),x=-6/11,(= (6) (+ (-5) (/ (-6) (x)))),(= (x) (/ (-6) (11)))
3=(7+(2/x)),x=-1/2,(= (3) (+ (7) (/ (2) (x)))),(= (x) (/ (-1) (2)))
-1=(8+(4/x)),x=-4/9,(= (-1) (+ (8) (/ (4) (x)))),(= (x) (/ (-4) (9)))
-4=(-7+(4/x)),x=4/3,(= (-4) (+ (-7) (/ (4) (x)))),(= (x) (/ (4) (3)))
6=(-1+(-2/x)),x=-2/7,(= (6) (+ (-1) (/ (-2) (x)))),(= (x) (/ (-2) (7)))
-1=(-8+(-1/x)),x=-1/7,(= (-1) (+ (-8) (/ (-1) (x)))),(= (x) (/ (-1) (7)))
1=(6+(-5/x)),x=1,(= (1) (+ (6) (/ (-5) (x)))),(= (x) (1))
5=(-4+(3/x)),x=1/3,(= (5) (+ (-4) (/ (3) (x)))),(= (x) (/ (1) (3)))
2=(0+(5/x)),x=5/2,(= (2) (+ (0) (/ (5) (x)))),(= (x) (/ (5) (2)))
-6=(9+(-9/x)),x=3/5,(= (-6) (+ (9) (/ (-9) (x)))),(= (x) (/ (3) (5)))
-1=(3+(-8/x)),x=2,(= (-1) (+ (3) (/ (-8) (x)))),(= (x) (2))
7=(6+(9/x)),x=9,(= (7) (+ (6) (/ (9) (x)))),(= (x) (9))
3=(1+(1/x)),x=1/2,(= (3) (+ (1) (/ (1) (x)))),(= (x) (/ (1) (2)))
-2=(0+(-5/x)),x=5/2,(= (-2) (+ (0) (/ (-5) (x)))),(= (x) (/ (5) (2)))
9=(8+(-7/x)),x=-7,(= (9) (+ (8) (/ (-7) (x)))),(= (x) (-7))
8=(-6+(-2/x)),x=-1/7,(= (8) (+ (-6) (/ (-2) (x)))),(= (x) (/ (-1) (7)))
4=(8+(1/x)),x=-1/4,(= (4) (+ (8) (/ (1) (x)))),(= (x) (/ (-1) (4)))
-3=(-4+(7/x)),x=7,(= (-3) (+ (-4) (/ (7) (x)))),(= (x) (7))
-8=(-2+(8/x)),x=-4/3,(= (-8) (+ (-2) (/ (8) (x)))),(= (x) (/ (-4) (3)))
1=(9+(8/x)),x=-1,(= (1) (+ (9) (/ (8) (x)))),(= (x) (-1))
7=(2+(8/x)),x=8/5,(= (7) (+ (2) (/ (8) (x)))),(= (x) (/ (8) (5)))
-8=(6+(-4/x)),x=2/7,(= (-8) (+ (6) (/ (-4) (x)))),(= (x) (/ (2) (7)))
(4+-1)=((-5x+6)+8),x=11/5,(= (+ (4) (-1)) (+ (+ (* (-5) (x)) (6)) (8))),(= (x) (/ (11) (5)))
(2+5)=((-2x+-8)+-9),x=-12,(= (+ (2) (5)) (+ (+ (* (-2) (x)) (-8)) (-9))),(= (x) (-12))
(-6+-7)=((6x+-5)+0),x=-4/3,(= (+ (-6) (-7)) (+ (+ (* (6) (x)) (-5)) (0))),(= (x) (/ (-4) (3)))
(-9+-5)=((-2x+-9)+0),x=5/2,(= (+ (-9) (-5)) (+ (+ (* (-2) (x)) (-9)) (0))),(= (x) (/ (5) (2)))
(-6+1)=((-3x+3)+-7),x=1/3,(= (+ (-6) (1)) (+ (+ (* (-3) (x)) (3)) (-7))),(= (x) (/ (1) (3)))
(8+5)=((-1x+5)+-7),x=-15,(= (+ (8) (5)) (+ (+ (* (-1) (x)) (5)) (-7))),(= (x) (-15))
(7+2)=((-2x+-3)+-1),x=-13/2,(= (+ (7) (2)) (+ (+ (* (-2) (x)) (-3)) (-1))),(= (x) (/ (-13) (2)))
(3+9)=((7x+8)+-1),x=5/7,(= (+ (3) (9)) (+ (+ (* (7) (x)) (8)) (-1))),(= (x) (/ (5) (7)))
(6+9)=((5x+-7)+-2),x=24/5,(= (+ (6) (9)) (+ (+ (* (5) (x)) (-7)) (-2))),(= (x) (/ (24) (5)))
(-6+8)=((-4x+4)+5),x=7/4,(= (+ (-6) (8)) (+ (+ (* (-4) (x)) (4)) (5))),(= (x) (/ (7) (4)))
(-8+-9)=((-3x+-4)+-7),x=2,(= (+ (-8) (-9)) (+ (+ (* (-3) (x)) (-4)) (-7))),(= (x) (2))
(-9+-3)=((-3x+8)+-5),x=5,(= (+ (-9) (-3)) (+ (+ (* (-3) (x)) (8)) (-5))),(= (x) (5))
(-4+6)=((3x+-5)+3),x=4/3,(= (+ (-4) (6)) (+ (+ (* (3) (x)) (-5)) (3))),(= (x) (/ (4) (3)))
(9+-4)=((-6x+4)+-7),x=-4/3,(= (+ (9) (-4)) (+ (+ (* (-6) (x)) (4)) (-7))),(= (x) (/ (-4) (3)))
(5+1)=((5x+-4)+-6),x=16/5,(= (+ (5) (1)) (+ (+ (* (5) (x)) (-4)) (-6))),(= (x) (/ (16) (5)))
(9+-8)=((-9x+-1)+-8),x=-10/9,(= (+ (9) (-8)) (+ (+ (* (-9) (x)) (-1)) (-8))),(= (x) (/ (-10) (9)))
(2+-3)=((9x+-3)+-5),x=7/9,(= (+ (2) (-3)) (+ (+ (* (9) (x)) (-3)) (-5))),(= (x) (/ (7) (9)))
(5+2)=((-2x+-2)+6),x=-3/2,(= (+ (5) (2)) (+ (+ (* (-2) (x)) (-2)) (6))),(= (x) (/ (-3) (2)))
(1+4)=((2x+6)+3),x=-2,(= (+ (1) (4)) (+ (+ (* (2) (x)) (6)) (3))),(= (x) (-2))
(-9+-2)=((3x+-4)+5),x=-4,(= (+ (-9) (-2)) (+ (+ (* (3) (x)) (-4)) (5))),(= (x) (-4))
(-4+9)=((-3x+0)+3),x=-2/3,(= (+ (-4) (9)) (+ (+ (* (-3) (x)) (0)) (3))),(= (x) (/ (-2) (3)))
(7+-7)=((3x+-1)+-1),x=2/3,(= (+ (7) (-7)) (+ (+ (* (3) (x)) (-1)) (-1))),(= (x) (/ (2) (3)))
(1+-9)=((-3x+6)+7),x=7,(= (+ (1) (-9)) (+ (+ (* (-3) (x)) (6)) (7))),(= (x) (7))
(7+-5)=((9x+-6)+-6),x=14/9,(= (+ (7) (-5)) (+ (+ (* (9) (x)) (-6)) (-6))),(= (x) (/ (14) (9)))
(-8+-3)=((-9x+-3)+-8),x=0,(= (+ (-8) (-3)) (+ (+ (* (-9) (x)) (-3)) (-8))),(= (x) (0))
(9+-2)=((-7x+3)+-8),x=-12/7,(= (+ (9) (-2)) (+ (+ (* (-7) (x)) (3)) (-8))),(= (x) (/ (-12) (7)))
(4+4)=((2x+-3)+8),x=3/2,(= (+ (4) (4)) (+ (+ (* (2) (x)) (-3)) (8))),(= (x) (/ (3) (2)))
(-1+-3)=((9x+-8)+-6),x=10/9,(= (+ (-1) (-3)) (+ (+ (* (9) (x)) (-8)) (-6))),(= (x) (/ (10) (9)))
(-6+-3)=((-1x+7)+0),x=16,(= (+ (-6) (-3)) (+ (+ (* (-1) (x)) (7)) (0))),(= (x) (16))
(6+3)=((-2x+3)+7),x=1/2,(= (+ (6) (3)) (+ (+ (* (-2) (x)) (3)) (7))),(= (x) (/ (1) (2)))
(4+7)=((-7x+-5)+0),x=-16/7,(= (+ (4) (7)) (+ (+ (* (-7) (x)) (-5)) (0))),(= (x) (/ (-16) (7)))
(5+9)=((x+-5)+-1),x=20,(= (+ (5) (9)) (+ (+ (x) (-5)) (-1))),(= (x) (20))
(-2+-5)=((3x+3)+-5),x=-5/3,(= (+ (-2) (-5)) (+ (+ (* (3) (x)) (3)) (-5))),(= (x) (/ (-5) (3)))
(-9+0)=((2x+-8)+-9),x=4,(= (+ (-9) (0)) (+ (+ (* (2) (x)) (-8)) (-9))),(= (x) (4))
(7+0)=((-3x+-7)+5),x=-3,(= (+ (7) (0)) (+ (+ (* (-3) (x)) (-7)) (5))),(= (x) (-3))
(-9+-5)=((-1x+-6)+-3),x=5,(= (+ (-9) (-5)) (+ (+ (* (-1) (x)) (-6)) (-3))),(= (x) (5))
(-3+-4)=((6x+3)+2),x=-2,(= (+ (-3) (-4)) (+ (+ (* (6) (x)) (3)) (2))),(= (x) (-2))
(-6+-9)=((-5x+1)+-7),x=9/5,(= (+ (-6) (-9)) (+ (+ (* (-5) (x)) (1)) (-7))),(= (x) (/ (9) (5)))
(3+-5)=((-3x+-6)+6),x=2/3,(= (+ (3) (-5)) (+ (+ (* (-3) (x)) (-6)) (6))),(= (x) (/ (2) (3)))
(-6+-2)=((8x+-4)+7),x=-11/8,(= (+ (-6) (-2)) (+ (+ (* (8) (x)) (-4)) (7))),(= (x) (/ (-11) (8)))
(-6+1)=((-2x+-8)+6),x=3/2,(= (+ (-6) (1)) (+ (+ (* (-2) (x)) (-8)) (6))),(= (x) (/ (3) (2)))
(-3+4)=((2x+7)+-7),x=1/2,(= (+ (-3) (4)) (+ (+ (* (2) (x)) (7)) (-7))),(= (x) (/ (1) (2)))
(-5+0)=((2x+1)+-1),x=-5/2,(= (+ (-5) (0)) (+ (+ (* (2) (x)) (1)) (-1))),(= (x) (/ (-5) (2)))
(-6+-8)=((2x+-2)+7),x=-19/2,(= (+ (-6) (-8)) (+ (+ (* (2) (x)) (-2)) (7))),(= (x) (/ (-19) (2)))
(0+-7)=((-9x+-7)+-3),x=-1/3,(= (+ (0) (-7)) (+ (+ (* (-9) (x)) (-7)) (-3))),(= (x) (/ (-1) (3)))
(-4+-1)=((-6x+1)+-6),x=0,(= (+ (-4) (-1)) (+ (+ (* (-6) (x)) (1)) (-6))),(= (x) (0))
(8+6)=((5x+-9)+-4),x=27/5,(= (+ (8) (6)) (+ (+ (* (5) (x)) (-9)) (-4))),(= (x) (/ (27) (5)))
(-3+5)=((-6x+3)+-4),x=-1/2,(= (+ (-3) (5)) (+ (+ (* (-6) (x)) (3)) (-4))),(= (x) (/ (-1) (2)))
(9+-8)=((7x+-4)+-8),x=13/7,(= (+ (9) (-8)) (+ (+ (* (7) (x)) (-4)) (-8))),(= (x) (/ (13) (7)))
(-4+-2)=((5x+-7)+6),x=-1,(= (+ (-4) (-2)) (+ (+ (* (5) (x)) (-7)) (6))),(= (x) (-1))
(-5+-6)=((-5x+7)+-4),x=14/5,(= (+ (-5) (-6)) (+ (+ (* (-5) (x)) (7)) (-4))),(= (x) (/ (14) (5)))
(6+8)=((-5x+-6)+-3),x=-23/5,(= (+ (6) (8)) (+ (+ (* (-5) (x)) (-6)) (-3))),(= (x) (/ (-23) (5)))
(-4+-1)=((7x+-6)+-1),x=2/7,(= (+ (-4) (-1)) (+ (+ (* (7) (x)) (-6)) (-1))),(= (x) (/ (2) (7)))
(8+-6)=((9x+8)+9),x=-5/3,(= (+ (8) (-6)) (+ (+ (* (9) (x)) (8)) (9))),(= (x) (/ (-5) (3)))
(-7+-1)=((4x+1)+5),x=-7/2,(= (+ (-7) (-1)) (+ (+ (* (4) (x)) (1)) (5))),(= (x) (/ (-7) (2)))
(0+-3)=((-4x+7)+-1),x=9/4,(= (+ (0) (-3)) (+ (+ (* (-4) (x)) (7)) (-1))),(= (x) (/ (9) (4)))
(-9+2)=((-8x+-2)+-6),x=-1/8,(= (+ (-9) (2)) (+ (+ (* (-8) (x)) (-2)) (-6))),(= (x) (/ (-1) (8)))
(-6+1)=((-9x+4)+1),x=10/9,(= (+ (-6) (1)) (+ (+ (* (-9) (x)) (4)) (1))),(= (x) (/ (10) (9)))
(-8+-1)=((-3x+-5)+7),x=11/3,(= (+ (-8) (-1)) (+ (+ (* (-3) (x)) (-5)) (7))),(= (x) (/ (11) (3)))
(0+5)=((9x+-1)+3),x=1/3,(= (+ (0) (5)) (+ (+ (* (9) (x)) (-1)) (3))),(= (x) (/ (1) (3)))
(-6+-9)=((-5x+2)+7),x=24/5,(= (+ (-6) (-9)) (+ (+ (* (-5) (x)) (2)) (7))),(= (x) (/ (24) (5)))
(3+-4)=((-4x+-7)+-9),x=-15/4,(= (+ (3) (-4)) (+ (+ (* (-4) (x)) (-7)) (-9))),(= (x) (/ (-15) (4)))
(2+3)=((9x+9)+8),x=-4/3,(= (+ (2) (3)) (+ (+ (* (9) (x)) (9)) (8))),(= (x) (/ (-4) (3)))
(-3+9)=((2x+-6)+7),x=5/2,(= (+ (-3) (9)) (+ (+ (* (2) (x)) (-6)) (7))),(= (x) (/ (5) (2)))
(3+-6)=((2x+-6)+4),x=-1/2,(= (+ (3) (-6)) (+ (+ (* (2) (x)) (-6)) (4))),(= (x) (/ (-1) (2)))
(-6+7)=((3x+5)+0),x=-4/3,(= (+ (-6) (7)) (+ (+ (* (3) (x)) (5)) (0))),(= (x) (/ (-4) (3)))
(2+6)=((-7x+-9)+-5),x=-22/7,(= (+ (2) (6)) (+ (+ (* (-7) (x)) (-9)) (-5))),(= (x) (/ (-22) (7)))
(-4+4)=((8x+7)+-8),x=1/8,(= (+ (-4) (4)) (+ (+ (* (8) (x)) (7)) (-8))),(= (x) (/ (1) (8)))
(4+5)=((-8x+7)+5),x=3/8,(= (+ (4) (5)) (+ (+ (* (-8) (x)) (7)) (5))),(= (x) (/ (3) (8)))
(3+-1)=((2x+-2)+6),x=-1,(= (+ (3) (-1)) (+ (+ (* (2) (x)) (-2)) (6))),(= (x) (-1))
(4+-8)=((5x+4)+-8),x=0,(= (+ (4) (-8)) (+ (+ (* (5) (x)) (4)) (-8))),(= (x) (0))
(9+-5)=((2x+-3)+8),x=-1/2,(= (+ (9) (-5)) (+ (+ (* (2) (x)) (-3)) (8))),(= (x) (/ (-1) (2)))
(-5+-1)=((8x+-9)+7),x=-1/2,(= (+ (-5) (-1)) (+ (+ (* (8) (x)) (-9)) (7))),(= (x) (/ (-1) (2)))
(1+-6)=((-3x+-6)+-3),x=-4/3,(= (+ (1) (-6)) (+ (+ (* (-3) (x)) (-6)) (-3))),(= (x) (/ (-4) (3)))
(-9+1)=((4x+3)+9),x=-5,(= (+ (-9) (1)) (+ (+ (* (4) (x)) (3)) (9))),(= (x) (-5))
(-8+2)=((-2x+-6)+-4),x=-2,(= (+ (-8) (2)) (+ (+ (* (-2) (x)) (-6)) (-4))),(= (x) (-2))
(3+-6)=((5x+-4)+5),x=-4/5,(= (+ (3) (-6)) (+ (+ (* (5) (x)) (-4)) (5))),(= (x) (/ (-4) (5)))
(6+9)=((2x+-4)+-8),x=27/2,(= (+ (6) (9)) (+ (+ (* (2) (x)) (-4)) (-8))),(= (x) (/ (27) (2)))
(1+7)=((5x+9)+-8),x=7/5,(= (+ (1) (7)) (+ (+ (* (5) (x)) (9)) (-8))),(= (x) (/ (7) (5)))
(4+7)=((6x+5)+2),x=2/3,(= (+ (4) (7)) (+ (+ (* (6) (x)) (5)) (2))),(= (x) (/ (2) (3)))
(-3x/2)=(-4/-3),x=-8/9,(= (/ (* (-3) (x)) (2)) (/ (-4) (-3))),(= (x) (/ (-8) (9)))
(-9x/1)=(6/-4),x=1/6,(= (/ (* (-9) (x)) (1)) (/ (6) (-4))),(= (x) (/ (1) (6)))
(7x/3)=(5/-5),x=-3/7,(= (/ (* (7) (x)) (3)) (/ (5) (-5))),(= (x) (/ (-3) (7)))
(7x/1)=(3/-6),x=-1/14,(= (/ (* (7) (x)) (1)) (/ (3) (-6))),(= (x) (/ (-1) (14)))
(6x/-5)=(-6/-3),x=-5/3,(= (/ (* (6) (x)) (-5)) (/ (-6) (-3))),(= (x) (/ (-5) (3)))
(9x/9)=(1/-8),x=-1/8,(= (/ (* (9) (x)) (9)) (/ (1) (-8))),(= (x) (/ (-1) (8)))
(-7x/-6)=(9/1),x=54/7,(= (/ (* (-7) (x)) (-6)) (/ (9) (1))),(= (x) (/ (54) (7)))
(4x/1)=(-6/5),x=-3/10,(= (/ (* (4) (x)) (1)) (/ (-6) (5))),(= (x) (/ (-3) (10)))
(-9x/7)=(0/4),x=0,(= (/ (* (-9) (x)) (7)) (/ (0) (4))),(= (x) (0))
(-7x/-7)=(-3/-1),x=3,(= (/ (* (-7) (x)) (-7)) (/ (-3) (-1))),(= (x) (3))
(7x/-4)=(7/-2),x=2,(= (/ (* (7) (x)) (-4)) (/ (7) (-2))),(= (x) (2))
(-8x/-9)=(1/-5),x=-9/40,(= (/ (* (-8) (x)) (-9)) (/ (1) (-5))),(= (x) (/ (-9) (40)))
(-7x/-3)=(-4/-5),x=12/35,(= (/ (* (-7) (x)) (-3)) (/ (-4) (-5))),(= (x) (/ (12) (35)))
(-5x/1)=(0/2),x=0,(= (/ (* (-5) (x)) (1)) (/ (0) (2))),(= (x) (0))
(7x/-8)=(5/7),x=-40/49,(= (/ (* (7) (x)) (-8)) (/ (5) (7))),(= (x) (/ (-40) (49)))
(-1x/2)=(-6/-4),x=-3,(= (/ (* (-1) (x)) (2)) (/ (-6) (-4))),(= (x) (-3))
(6x/2)=(8/3),x=8/9,(= (/ (* (6) (x)) (2)) (/ (8) (3))),(= (x) (/ (8) (9)))
(3x/9)=(-1/-9),x=1/3,(= (/ (* (3) (x)) (9)) (/ (-1) (-9))),(= (x) (/ (1) (3)))
(2x/-2)=(-8/8),x=1,(= (/ (* (2) (x)) (-2)) (/ (-8) (8))),(= (x) (1))
(-3x/3)=(8/-3),x=8/3,(= (/ (* (-3) (x)) (3)) (/ (8) (-3))),(= (x) (/ (8) (3)))
(-7x/7)=(3/-3),x=1,(= (/ (* (-7) (x)) (7)) (/ (3) (-3))),(= (x) (1))
(x/8)=(1/-4),x=-2,(= (/ (x) (8)) (/ (1) (-4))),(= (x) (-2))
(9x/-2)=(-2/-8),x=-1/18,(= (/ (* (9) (x)) (-2)) (/ (-2) (-8))),(= (x) (/ (-1) (18)))
(8x/-1)=(-2/8),x=1/32,(= (/ (* (8) (x)) (-1)) (/ (-2) (8))),(= (x) (/ (1) (32)))
(-2x/7)=(5/7),x=-5/2,(= (/ (* (-2) (x)) (7)) (/ (5) (7))),(= (x) (/ (-5) (2)))
(3x/8)=(-5/-2),x=20/3,(= (/ (* (3) (x)) (8)) (/ (-5) (-2))),(= (x) (/ (20) (3)))
(-9x/5)=(-3/-7),x=-5/21,(= (/ (* (-9) (x)) (5)) (/ (-3) (-7))),(= (x) (/ (-5) (21)))
(3x/1)=(-9/-7),x=3/7,(= (/ (* (3) (x)) (1)) (/ (-9) (-7))),(= (x) (/ (3) (7)))
(6x/-3)=(-7/-4),x=-7/8,(= (/ (* (6) (x)) (-3)) (/ (-7) (-4))),(= (x) (/ (-7) (8)))
(-9x/-5)=(-7/-2),x=35/18,(= (/ (* (-9) (x)) (-5)) (/ (-7) (-2))),(= (x) (/ (35) (18)))
(-9x/4)=(3/-9),x=4/27,(= (/ (* (-9) (x)) (4)) (/ (3) (-9))),(= (x) (/ (4) (27)))
(3x/4)=(4/-1),x=-16/3,(= (/ (* (3) (x)) (4)) (/ (4) (-1))),(= (x) (/ (-16) (3)))
(-4x/2)=(5/4),x=-5/8,(= (/ (* (-4) (x)) (2)) (/ (5) (4))),(= (x) (/ (-5) (8)))
(6x/1)=(-2/-9),x=1/27,(= (/ (* (6) (x)) (1)) (/ (-2) (-9))),(= (x) (/ (1) (27)))
(-8x/5)=(9/1),x=-45/8,(= (/ (* (-8) (x)) (5)) (/ (9) (1))),(= (x) (/ (-45) (8)))
(-8x/3)=(-3/-8),x=-9/64,(= (/ (* (-8) (x)) (3)) (/ (-3) (-8))),(= (x) (/ (-9) (64)))
(-6x/8)=(2/5),x=-8/15,(= (/ (* (-6) (x)) (8)) (/ (2) (5))),(= (x) (/ (-8) (15)))
(-2x/7)=(3/-9),x=7/6,(= (/ (* (-2) (x)) (7)) (/ (3) (-9))),(= (x) (/ (7) (6)))
(2x/4)=(9/-4),x=-9/2,(= (/ (* (2) (x)) (4)) (/ (9) (-4))),(= (x) (/ (-9) (2)))
(-6x/-1)=(8/-4),x=-1/3,(= (/ (* (-6) (x)) (-1)) (/ (8) (-4))),(= (x) (/ (-1) (3)))
(-5x/0)=(6/-5),x=0,(= (/ (* (-5) (x)) (0)) (/ (6) (-5))),(= (x) (0))
(-6x/-2)=(-4/4),x=-1/3,(= (/ (* (-6) (x)) (-2)) (/ (-4) (4))),(= (x) (/ (-1) (3)))
(8x/8)=(1/1),x=1,(= (/ (* (8) (x)) (8)) (/ (1) (1))),(= (x) (1))
(-3x/3)=(-1/-4),x=-1/4,(= (/ (* (-3) (x)) (3)) (/ (-1) (-4))),(= (x) (/ (-1) (4)))
(4x/-5)=(7/6),x=-35/24,(= (/ (* (4) (x)) (-5)) (/ (7) (6))),(= (x) (/ (-35) (24)))
(-4x/3)=(-4/2),x=3/2,(= (/ (* (-4) (x)) (3)) (/ (-4) (2))),(= (x) (/ (3) (2)))
(4x/-8)=(-7/4),x=7/2,(= (/ (* (4) (x)) (-8)) (/ (-7) (4))),(= (x) (/ (7) (2)))
(9x/1)=(-6/2),x=-1/3,(= (/ (* (9) (x)) (1)) (/ (-6) (2))),(= (x) (/ (-1) (3)))
(-5x/8)=(-8/-6),x=-32/15,(= (/ (* (-5) (x)) (8)) (/ (-8) (-6))),(= (x) (/ (-32) (15)))
(-5x/3)=(3/-5),x=9/25,(= (/ (* (-5) (x)) (3)) (/ (3) (-5))),(= (x) (/ (9) (25)))
(7x/-1)=(3/3),x=-1/7,(= (/ (* (7) (x)) (-1)) (/ (3) (3))),(= (x) (/ (-1) (7)))
(-2x/-6)=(1/8),x=3/8,(= (/ (* (-2) (x)) (-6)) (/ (1) (8))),(= (x) (/ (3) (8)))
(-7x/1)=(6/-8),x=3/28,(= (/ (* (-7) (x)) (1)) (/ (6) (-8))),(= (x) (/ (3) (28)))
(9x/1)=(8/1),x=8/9,(= (/ (* (9) (x)) (1)) (/ (8) (1))),(= (x) (/ (8) (9)))
(-8x/-9)=(6/-2),x=-27/8,(= (/ (* (-8) (x)) (-9)) (/ (6) (-2))),(= (x) (/ (-27) (8)))
(-3x/9)=(-7/1),x=21,(= (/ (* (-3) (x)) (9)) (/ (-7) (1))),(= (x) (21))
(9x/8)=(3/-5),x=-8/15,(= (/ (* (9) (x)) (8)) (/ (3) (-5))),(= (x) (/ (-8) (15)))
(-4x/4)=(5/-4),x=5/4,(= (/ (* (-4) (x)) (4)) (/ (5) (-4))),(= (x) (/ (5) (4)))
(-7x/-2)=(0/9),x=0,(= (/ (* (-7) (x)) (-2)) (/ (0) (9))),(= (x) (0))
(x/4)=(5/5),x=4,(= (/ (x) (4)) (/ (5) (5))),(= (x) (4))
(7x/-7)=(9/7),x=-9/7,(= (/ (* (7) (x)) (-7)) (/ (9) (7))),(= (x) (/ (-9) (7)))
(-8x/-9)=(3/-3),x=-9/8,(= (/ (* (-8) (x)) (-9)) (/ (3) (-3))),(= (x) (/ (-9) (8)))
(5x/8)=(7/9),x=56/45,(= (/ (* (5) (x)) (8)) (/ (7) (9))),(= (x) (/ (56) (45)))
(3x/6)=(9/3),x=6,(= (/ (* (3) (x)) (6)) (/ (9) (3))),(= (x) (6))
(9x/0)=(-9/-9),x=0,(= (/ (* (9) (x)) (0)) (/ (-9) (-9))),(= (x) (0))
(-1x/5)=(-3/-4),x=-15/4,(= (/ (* (-1) (x)) (5)) (/ (-3) (-4))),(= (x) (/ (-15) (4)))
(-8x/-7)=(-3/-3),x=7/8,(= (/ (* (-8) (x)) (-7)) (/ (-3) (-3))),(= (x) (/ (7) (8)))
(x/-6)=(3/2),x=-9,(= (/ (x) (-6)) (/ (3) (2))),(= (x) (-9))
(7x/0)=(8/-8),x=0,(= (/ (* (7) (x)) (0)) (/ (8) (-8))),(= (x) (0))
(4x/4)=(-4/-5),x=4/5,(= (/ (* (4) (x)) (4)) (/ (-4) (-5))),(= (x) (/ (4) (5)))
(6x/-9)=(-7/4),x=21/8,(= (/ (* (6) (x)) (-9)) (/ (-7) (4))),(= (x) (/ (21) (8)))
(3x/-6)=(-8/5),x=16/5,(= (/ (* (3) (x)) (-6)) (/ (-8) (5))),(= (x) (/ (16) (5)))
(-9x/7)=(1/3),x=-7/27,(= (/ (* (-9) (x)) (7)) (/ (1) (3))),(= (x) (/ (-7) (27)))
(2x/4)=(5/-3),x=-10/3,(= (/ (* (2) (x)) (4)) (/ (5) (-3))),(= (x) (/ (-10) (3)))
(x/2)=(-1/1),x=-2,(= (/ (x) (2)) (/ (-1) (1))),(= (x) (-2))
(2x/-9)=(1/1),x=-9/2,(= (/ (* (2) (x)) (-9)) (/ (1) (1))),(= (x) (/ (-9) (2)))
(-5x/-3)=(-1/3),x=-1/5,(= (/ (* (-5) (x)) (-3)) (/ (-1) (3))),(= (x) (/ (-1) (5)))
(-1x/-7)=(-9/-2),x=63/2,(= (/ (* (-1) (x)) (-7)) (/ (-9) (-2))),(= (x) (/ (63) (2)))
(-1x/-7)=(-9/-1),x=63,(= (/ (* (-1) (x)) (-7)) (/ (-9) (-1))),(= (x) (63))
(2x/7)=(-5/1),x=-35/2,(= (/ (* (2) (x)) (7)) (/ (-5) (1))),(= (x) (/ (-35) (2)))
x=(0-2)/1,x=-2,(= (x) (/ (- (0) (2)) (1))),(= (x) (-2))
x=(-9-1)/1,x=-10,(= (x) (/ (- (-9) (1)) (1))),(= (x) (-10))
x=(5-5)/6,x=0,(= (x) (/ (- (5) (5)) (6))),(= (x) (0))
x=(-5--4)/6,x=-1/6,(= (x) (/ (- (-5) (-4)) (6))),(= (x) (/ (-1) (6)))
x=(5--5)/7,x=10/7,(= (x) (/ (- (5) (-5)) (7))),(= (x) (/ (10) (7)))
x=(2--4)/7,x=6/7,(= (x) (/ (- (2) (-4)) (7))),(= (x) (/ (6) (7)))
x=(-5--4)/-5,x=1/5,(= (x) (/ (- (-5) (-4)) (-5))),(= (x) (/ (1) (5)))
x=(-6-7)/9,x=-13/9,(= (x) (/ (- (-6) (7)) (9))),(= (x) (/ (-13) (9)))
x=(-3-0)/-2,x=3/2,(= (x) (/ (- (-3) (0)) (-2))),(= (x) (/ (3) (2)))
x=(5--3)/-1,x=-8,(= (x) (/ (- (5) (-3)) (-1))),(= (x) (-8))
x=(6--9)/-5,x=-3,(= (x) (/ (- (6) (-9)) (-5))),(= (x) (-3))
x=(-7--6)/-1,x=1,(= (x) (/ (- (-7) (-6)) (-1))),(= (x) (1))
x=(-8--6)/6,x=-1/3,(= (x) (/ (- (-8) (-6)) (6))),(= (x) (/ (-1) (3)))
x=(-7-4)/-1,x=11,(= (x) (/ (- (-7) (4)) (-1))),(= (x) (11))
x=(-2--6)/-6,x=-2/3,(= (x) (/ (- (-2) (-6)) (-6))),(= (x) (/ (-2) (3)))
x=(-9--4)/-2,x=5/2,(= (x) (/ (- (-9) (-4)) (-2))),(= (x) (/ (5) (2)))
x=(7--2)/-5,x=-9/5,(= (x) (/ (- (7) (-2)) (-5))),(= (x) (/ (-9) (5)))
x=(-1-1)/-8,x=1/4,(= (x) (/ (- (-1) (1)) (-8))),(= (x) (/ (1) (4)))
x=(9-8)/-2,x=-1/2,(= (x) (/ (- (9) (8)) (-2))),(= (x) (/ (-1) (2)))
x=(-4--5)/6,x=1/6,(= (x) (/ (- (-4) (-5)) (6))),(= (x) (/ (1) (6)))
x=(-9--8)/2,x=-1/2,(= (x) (/ (- (-9) (-8)) (2))),(= (x) (/ (-1) (2)))
x=(7-8)/-8,x=1/8,(= (x) (/ (- (7) (8)) (-8))),(= (x) (/ (1) (8)))
x=(-2--5)/6,x=1/2,(= (x) (/ (- (-2) (-5)) (6))),(= (x) (/ (1) (2)))
x=(9--6)/7,x=15/7,(= (x) (/ (- (9) (-6)) (7))),(= (x) (/ (15) (7)))
x=(0--3)/-8,x=-3/8,(= (x) (/ (- (0) (-3)) (-8))),(= (x) (/ (-3) (8)))
x=(8--1)/-1,x=-9,(= (x) (/ (- (8) (-1)) (-1))),(= (x) (-9))
x=(8-9)/-1,x=1,(= (x) (/ (- (8) (9)) (-1))),(= (x) (1))
x=(-1-6)/-1,x=7,(= (x) (/ (- (-1) (6)) (-1))),(= (x) (7))
x=(0-2)/-2,x=1,(= (x) (/ (- (0) (2)) (-2))),(= (x) (1))
x=(-1--3)/7,x=2/7,(= (x) (/ (- (-1) (-3)) (7))),(= (x) (/ (2) (7)))
x=(-4--7)/-5,x=-3/5,(= (x) (/ (- (-4) (-7)) (-5))),(= (x) (/ (-3) (5)))
x=(-3-8)/-5,x=11/5,(= (x) (/ (- (-3) (8)) (-5))),(= (x) (/ (11) (5)))
x=(-3--5)/8,x=1/4,(= (x) (/ (- (-3) (-5)) (8))),(= (x) (/ (1) (4)))
x=(5--7)/9,x=4/3,(= (x) (/ (- (5) (-7)) (9))),(= (x) (/ (4) (3)))
x=(-7-4)/-6,x=11/6,(= (x) (/ (- (-7) (4)) (-6))),(= (x) (/ (11) (6)))
x=(6--9)/3,x=5,(= (x) (/ (- (6) (-9)) (3))),(= (x) (5))
x=(-3-5)/-8,x=1,(= (x) (/ (- (-3) (5)) (-8))),(= (x) (1))
x=(4-9)/4,x=-5/4,(= (x) (/ (- (4) (9)) (4))),(= (x) (/ (-5) (4)))
x=(0--5)/-9,x=-5/9,(= (x) (/ (- (0) (-5)) (-9))),(= (x) (/ (-5) (9)))
x=(-6--7)/-8,x=-1/8,(= (x) (/ (- (-6) (-7)) (-8))),(= (x) (/ (-1) (8)))
x=(-8-5)/-5,x=13/5,(= (x) (/ (- (-8) (5)) (-5))),(= (x) (/ (13) (5)))
x=(-4-6)/-8,x=5/4,(= (x) (/ (- (-4) (6)) (-8))),(= (x) (/ (5) (4)))
x=(-2--2)/-7,x=0,(= (x) (/ (- (-2) (-2)) (-7))),(= (x) (0))
x=(8--5)/1,x=13,(= (x) (/ (- (8) (-5)) (1))),(= (x) (13))
x=(6--8)/8,x=7/4,(= (x) (/ (- (6) (-8)) (8))),(= (x) (/ (7) (4)))
x=(6-4)/3,x=2/3,(= (x) (/ (- (6) (4)) (3))),(= (x) (/ (2) (3)))
x=(2-6)/-6,x=2/3,(= (x) (/ (- (2) (6)) (-6))),(= (x) (/ (2) (3)))
x=(5-6)/-5,x=1/5,(= (x) (/ (- (5) (6)) (-5))),(= (x) (/ (1) (5)))
x=(5-9)/-4,x=1,(= (x) (/ (- (5) (9)) (-4))),(= (x) (1))
x=(-5-1)/5,x=-6/5,(= (x) (/ (- (-5) (1)) (5))),(= (x) (/ (-6) (5)))
x=(7--6)/3,x=13/3,(= (x) (/ (- (7) (-6)) (3))),(= (x) (/ (13) (3)))
x=(-2-2)/3,x=-4/3,(= (x) (/ (- (-2) (2)) (3))),(= (x) (/ (-4) (3)))
x=(-4--3)/4,x=-1/4,(= (x) (/ (- (-4) (-3)) (4))),(= (x) (/ (-1) (4)))
x=(-3-5)/9,x=-8/9,(= (x) (/ (- (-3) (5)) (9))),(= (x) (/ (-8) (9)))
x=(7--6)/2,x=13/2,(= (x) (/ (- (7) (-6)) (2))),(= (x) (/ (13) (2)))
x=(-3-9)/-1,x=12,(= (x) (/ (- (-3) (9)) (-1))),(= (x) (12))
x=(4-0)/9,x=4/9,(= (x) (/ (- (4) (0)) (9))),(= (x) (/ (4) (9)))
x=(-5-9)/4,x=-7/2,(= (x) (/ (- (-5) (9)) (4))),(= (x) (/ (-7) (2)))
x=(-8--4)/-9,x=4/9,(= (x) (/ (- (-8) (-4)) (-9))),(= (x) (/ (4) (9)))
x=(1--1)/8,x=1/4,(= (x) (/ (- (1) (-1)) (8))),(= (x) (/ (1) (4)))
x=(9-5)/-4,x=-1,(= (x) (/ (- (9) (5)) (-4))),(= (x) (-1))
x=(-5-1)/-9,x=2/3,(= (x) (/ (- (-5) (1)) (-9))),(= (x) (/ (2) (3)))
x=(7--8)/3,x=5,(= (x) (/ (- (7) (-8)) (3))),(= (x) (5))
x=(0--3)/7,x=3/7,(= (x) (/ (- (0) (-3)) (7))),(= (x) (/ (3) (7)))
x=(-3-8)/-4,x=11/4,(= (x) (/ (- (-3) (8)) (-4))),(= (x) (/ (11) (4)))
x=(-1-7)/3,x=-8/3,(= (x) (/ (- (-1) (7)) (3))),(= (x) (/ (-8) (3)))
x=(9--8)/5,x=17/5,(= (x) (/ (- (9) (-8)) (5))),(= (x) (/ (17) (5)))
x=(-8-3)/1,x=-11,(= (x) (/ (- (-8) (3)) (1))),(= (x) (-11))
x=(4--8)/9,x=4/3,(= (x) (/ (- (4) (-8)) (9))),(= (x) (/ (4) (3)))
x=(-5-2)/-3,x=7/3,(= (x) (/ (- (-5) (2)) (-3))),(= (x) (/ (7) (3)))
x=(-2-0)/-8,x=1/4,(= (x) (/ (- (-2) (0)) (-8))),(= (x) (/ (1) (4)))
x=(8--7)/-6,x=-5/2,(= (x) (/ (- (8) (-7)) (-6))),(= (x) (/ (-5) (2)))
x=(-2--1)/6,x=-1/6,(= (x) (/ (- (-2) (-1)) (6))),(= (x) (/ (-1) (6)))
x=(-3--7)/1,x=4,(= (x) (/ (- (-3) (-7)) (1))),(= (x) (4))
x=(-5-5)/8,x=-5/4,(= (x) (/ (- (-5) (5)) (8))),(= (x) (/ (-5) (4)))
x=(9--6)/-8,x=-15/8,(= (x) (/ (- (9) (-6)) (-8))),(= (x) (/ (-15) (8)))
x=(-1--4)/-4,x=-3/4,(= (x) (/ (- (-1) (-4)) (-4))),(= (x) (/ (-3) (4)))
x=(6--6)/-1,x=-12,(= (x) (/ (- (6) (-6)) (-1))),(= (x) (-12))
x=(-4--8)/3,x=4/3,(= (x) (/ (- (-4) (-8)) (3))),(= (x) (/ (4) (3)))
x=(-7--6)/2,x=-1/2,(= (x) (/ (- (-7) (-6)) (2))),(= (x) (/ (-1) (2)))
8x=((-4--7x)+-4),x=-8,(= (* (8) (x)) (+ (- (-4) (* (-7) (x))) (-4))),(= (x) (-8))
-8x=((6-2x)+1),x=-7/6,(= (* (-8) (x)) (+ (- (6) (* (2) (x))) (1))),(= (x) (/ (-7) (6)))
-6x=((2-5x)+3),x=-5,(= (* (-6) (x)) (+ (- (2) (* (5) (x))) (3))),(= (x) (-5))
5x=((5-2x)+9),x=2,(= (* (5) (x)) (+ (- (5) (* (2) (x))) (9))),(= (x) (2))
5x=((-8-3x)+6),x=-1/4,(= (* (5) (x)) (+ (- (-8) (* (3) (x))) (6))),(= (x) (/ (-1) (4)))
-6x=((0-7x)+5),x=5,(= (* (-6) (x)) (+ (- (0) (* (7) (x))) (5))),(= (x) (5))
-7x=((-9--7x)+-4),x=13/14,(= (* (-7) (x)) (+ (- (-9) (* (-7) (x))) (-4))),(= (x) (/ (13) (14)))
-6x=((9--4x)+3),x=-6/5,(= (* (-6) (x)) (+ (- (9) (* (-4) (x))) (3))),(= (x) (/ (-6) (5)))
-2x=((8-8x)+1),x=3/2,(= (* (-2) (x)) (+ (- (8) (* (8) (x))) (1))),(= (x) (/ (3) (2)))
-2x=((-6--3x)+3),x=3/5,(= (* (-2) (x)) (+ (- (-6) (* (-3) (x))) (3))),(= (x) (/ (3) (5)))
4x=((-9-9x)+5),x=-4/13,(= (* (4) (x)) (+ (- (-9) (* (9) (x))) (5))),(= (x) (/ (-4) (13)))
-8x=((-7-7x)+-4),x=11,(= (* (-8) (x)) (+ (- (-7) (* (7) (x))) (-4))),(= (x) (11))
-2x=((-7-0)+-7),x=7,(= (* (-2) (x)) (+ (- (-7) (0)) (-7))),(= (x) (7))
-9x=((-7-4x)+6),x=1/5,(= (* (-9) (x)) (+ (- (-7) (* (4) (x))) (6))),(= (x) (/ (1) (5)))
-3x=((-7--7x)+-3),x=1,(= (* (-3) (x)) (+ (- (-7) (* (-7) (x))) (-3))),(= (x) (1))
-3x=((-6-5x)+-1),x=-7/2,(= (* (-3) (x)) (+ (- (-6) (* (5) (x))) (-1))),(= (x) (/ (-7) (2)))
-8x=((-8--3x)+3),x=5/11,(= (* (-8) (x)) (+ (- (-8) (* (-3) (x))) (3))),(= (x) (/ (5) (11)))
-5x=((-9--9x)+-1),x=5/7,(= (* (-5) (x)) (+ (- (-9) (* (-9) (x))) (-1))),(= (x) (/ (5) (7)))
3x=((5--2x)+-9),x=-4,(= (* (3) (x)) (+ (- (5) (* (-2) (x))) (-9))),(= (x) (-4))
3x=((6--2x)+3),x=9,(= (* (3) (x)) (+ (- (6) (* (-2) (x))) (3))),(= (x) (9))
-8x=((8--7x)+-4),x=-4/15,(= (* (-8) (x)) (+ (- (8) (* (-7) (x))) (-4))),(= (x) (/ (-4) (15)))
5x=((-2--1x)+0),x=-1/2,(= (* (5) (x)) (+ (- (-2) (* (-1) (x))) (0))),(= (x) (/ (-1) (2)))
-4x=((-7--4x)+2),x=5/8,(= (* (-4) (x)) (+ (- (-7) (* (-4) (x))) (2))),(= (x) (/ (5) (8)))
-6x=((-5-4x)+-4),x=9/2,(= (* (-6) (x)) (+ (- (-5) (* (4) (x))) (-4))),(= (x) (/ (9) (2)))
x=((6-5x)+-2),x=2/3,(= (x) (+ (- (6) (* (5) (x))) (-2))),(= (x) (/ (2) (3)))
-8x=((3-x)+7),x=-10/7,(= (* (-8) (x)) (+ (- (3) (x)) (7))),(= (x) (/ (-10) (7)))
6x=((-8--5x)+8),x=0,(= (* (6) (x)) (+ (- (-8) (* (-5) (x))) (8))),(= (x) (0))
-6x=((6--7x)+1),x=-7/13,(= (* (-6) (x)) (+ (- (6) (* (-7) (x))) (1))),(= (x) (/ (-7) (13)))
3x=((-4--8x)+3),x=1/5,(= (* (3) (x)) (+ (- (-4) (* (-8) (x))) (3))),(= (x) (/ (1) (5)))
7x=((-7--2x)+-7),x=-14/5,(= (* (7) (x)) (+ (- (-7) (* (-2) (x))) (-7))),(= (x) (/ (-14) (5)))
-9x=((-1--1x)+9),x=-4/5,(= (* (-9) (x)) (+ (- (-1) (* (-1) (x))) (9))),(= (x) (/ (-4) (5)))
6x=((-8--2x)+-4),x=-3,(= (* (6) (x)) (+ (- (-8) (* (-2) (x))) (-4))),(= (x) (-3))
3x=((4-6x)+-1),x=1/3,(= (* (3) (x)) (+ (- (4) (* (6) (x))) (-1))),(= (x) (/ (1) (3)))
7x=((4--4x)+6),x=10/3,(= (* (7) (x)) (+ (- (4) (* (-4) (x))) (6))),(= (x) (/ (10) (3)))
4x=((-3--3x)+5),x=2,(= (* (4) (x)) (+ (- (-3) (* (-3) (x))) (5))),(= (x) (2))
4x=((5-0)+-8),x=-3/4,(= (* (4) (x)) (+ (- (5) (0)) (-8))),(= (x) (/ (-3) (4)))
8x=((1-3x)+6),x=7/11,(= (* (8) (x)) (+ (- (1) (* (3) (x))) (6))),(= (x) (/ (7) (11)))
0=((2--6x)+2),x=-2/3,(= (0) (+ (- (2) (* (-6) (x))) (2))),(= (x) (/ (-2) (3)))
-8x=((-3-9x)+-1),x=-4,(= (* (-8) (x)) (+ (- (-3) (* (9) (x))) (-1))),(= (x) (-4))
9x=((-1--6x)+6),x=5/3,(= (* (9) (x)) (+ (- (-1) (* (-6) (x))) (6))),(= (x) (/ (5) (3)))
-3x=((7--1x)+-6),x=-1/4,(= (* (-3) (x)) (+ (- (7) (* (-1) (x))) (-6))),(= (x) (/ (-1) (4)))
x=((6-7x)+-7),x=-1/8,(= (x) (+ (- (6) (* (7) (x))) (-7))),(= (x) (/ (-1) (8)))
-7x=((-7--4x)+-3),x=10/11,(= (* (-7) (x)) (+ (- (-7) (* (-4) (x))) (-3))),(= (x) (/ (10) (11)))
8x=((-5--1x)+2),x=-3/7,(= (* (8) (x)) (+ (- (-5) (* (-1) (x))) (2))),(= (x) (/ (-3) (7)))
0=((2-2x)+-5),x=-3/2,(= (0) (+ (- (2) (* (2) (x))) (-5))),(= (x) (/ (-3) (2)))
2x=((-8-5x)+-5),x=-13/7,(= (* (2) (x)) (+ (- (-8) (* (5) (x))) (-5))),(= (x) (/ (-13) (7)))
8x=((-9--5x)+9),x=0,(= (* (8) (x)) (+ (- (-9) (* (-5) (x))) (9))),(= (x) (0))
-1x=((-7--7x)+-8),x=15/8,(= (* (-1) (x)) (+ (- (-7) (* (-7) (x))) (-8))),(= (x) (/ (15) (8)))
9x=((6--3x)+-3),x=1/2,(= (* (9) (x)) (+ (- (6) (* (-3) (x))) (-3))),(= (x) (/ (1) (2)))
4x=((8--9x)+-7),x=-1/5,(= (* (4) (x)) (+ (- (8) (* (-9) (x))) (-7))),(= (x) (/ (-1) (5)))
4x=((-2-9x)+7),x=5/13,(= (* (4) (x)) (+ (- (-2) (* (9) (x))) (7))),(= (x) (/ (5) (13)))
-9x=((-9--3x)+1),x=2/3,(= (* (-9) (x)) (+ (- (-9) (* (-3) (x))) (1))),(= (x) (/ (2) (3)))
5x=((-8-8x)+-5),x=-1,(= (* (5) (x)) (+ (- (-8) (* (8) (x))) (-5))),(= (x) (-1))
4x=((8--6x)+-4),x=-2,(= (* (4) (x)) (+ (- (8) (* (-6) (x))) (-4))),(= (x) (-2))
-1x=((8-6x)+-4),x=4/5,(= (* (-1) (x)) (+ (- (8) (* (6) (x))) (-4))),(= (x) (/ (4) (5)))
-1x=((0--9x)+-8),x=4/5,(= (* (-1) (x)) (+ (- (0) (* (-9) (x))) (-8))),(= (x) (/ (4) (5)))
9x=((9--4x)+-4),x=1,(= (* (9) (x)) (+ (- (9) (* (-4) (x))) (-4))),(= (x) (1))
0=((7-6x)+-9),x=-1/3,(= (0) (+ (- (7) (* (6) (x))) (-9))),(= (x) (/ (-1) (3)))
-1x=((3--4x)+8),x=-11/5,(= (* (-1) (x)) (+ (- (3) (* (-4) (x))) (8))),(= (x) (/ (-11) (5)))
-4x=((-7-8x)+8),x=1/4,(= (* (-4) (x)) (+ (- (-7) (* (8) (x))) (8))),(= (x) (/ (1) (4)))
-8x=((-8--5x)+0),x=8/13,(= (* (-8) (x)) (+ (- (-8) (* (-5) (x))) (0))),(= (x) (/ (8) (13)))
0=((-6--6x)+-7),x=13/6,(= (0) (+ (- (-6) (* (-6) (x))) (-7))),(= (x) (/ (13) (6)))
7x=((-7-x)+7),x=0,(= (* (7) (x)) (+ (- (-7) (x)) (7))),(= (x) (0))
-1x=((6--4x)+9),x=-3,(= (* (-1) (x)) (+ (- (6) (* (-4) (x))) (9))),(= (x) (-3))
-7x=((5--3x)+3),x=-4/5,(= (* (-7) (x)) (+ (- (5) (* (-3) (x))) (3))),(= (x) (/ (-4) (5)))
0=((-1--5x)+6),x=-1,(= (0) (+ (- (-1) (* (-5) (x))) (6))),(= (x) (-1))
-4x=((4-5x)+0),x=4,(= (* (-4) (x)) (+ (- (4) (* (5) (x))) (0))),(= (x) (4))
9x=((7-0)+8),x=5/3,(= (* (9) (x)) (+ (- (7) (0)) (8))),(= (x) (/ (5) (3)))
6x=((-5--1x)+-3),x=-8/5,(= (* (6) (x)) (+ (- (-5) (* (-1) (x))) (-3))),(= (x) (/ (-8) (5)))
6x=((2--8x)+9),x=-11/2,(= (* (6) (x)) (+ (- (2) (* (-8) (x))) (9))),(= (x) (/ (-11) (2)))
x=((-5--7x)+-9),x=7/3,(= (x) (+ (- (-5) (* (-7) (x))) (-9))),(= (x) (/ (7) (3)))
-1x=((-2--1x)+-2),x=2,(= (* (-1) (x)) (+ (- (-2) (* (-1) (x))) (-2))),(= (x) (2))
6x=((7--7x)+8),x=-15,(= (* (6) (x)) (+ (- (7) (* (-7) (x))) (8))),(= (x) (-15))
-8x=((-5-6x)+-4),x=9/2,(= (* (-8) (x)) (+ (- (-5) (* (6) (x))) (-4))),(= (x) (/ (9) (2)))
x=((9-3x)+1),x=5/2,(= (x) (+ (- (9) (* (3) (x))) (1))),(= (x) (/ (5) (2)))
0=((6-9x)+-3),x=1/3,(= (0) (+ (- (6) (* (9) (x))) (-3))),(= (x) (/ (1) (3)))
9x=((-2--8x)+-1),x=-3,(= (* (9) (x)) (+ (- (-2) (* (-8) (x))) (-1))),(= (x) (-3))
3x=((0-8x)+-9),x=-9/11,(= (* (3) (x)) (+ (- (0) (* (8) (x))) (-9))),(= (x) (/ (-9) (11)))
8x=((2-7x)+5),x=7/15,(= (* (8) (x)) (+ (- (2) (* (7) (x))) (5))),(= (x) (/ (7) (15)))
-8x=((7-0)+3),x=-5/4,(= (* (-8) (x)) (+ (- (7) (0)) (3))),(= (x) (/ (-5) (4)))
(4/x)*x=-3,x=-4/3,(= (* (/ (4) (x)) (x)) (-3)),(= (x) (/ (-4) (3)))
(5/x)*x=-8,x=-5/8,(= (* (/ (5) (x)) (x)) (-8)),(= (x) (/ (-5) (8)))
(-5/x)*x=6,x=-5/6,(= (* (/ (-5) (x)) (x)) (6)),(= (x) (/ (-5) (6)))
(9/x)*x=-3,x=-3,(= (* (/ (9) (x)) (x)) (-3)),(= (x) (-3))
(-5/x)*x=-7,x=5/7,(= (* (/ (-5) (x)) (x)) (-7)),(= (x) (/ (5) (7)))
(4/x)*x=9,x=4/9,(= (* (/ (4) (x)) (x)) (9)),(= (x) (/ (4) (9)))
(-2/x)*x=4,x=-1/2,(= (* (/ (-2) (x)) (x)) (4)),(= (x) (/ (-1) (2)))
(-6/x)*x=8,x=-3/4,(= (* (/ (-6) (x)) (x)) (8)),(= (x) (/ (-3) (4)))
(-6/x)*x=-4,x=3/2,(= (* (/ (-6) (x)) (x)) (-4)),(= (x) (/ (3) (2)))
(-1/x)*x=-1,x=1,(= (* (/ (-1) (x)) (x)) (-1)),(= (x) (1))
(-9/x)*x=-7,x=9/7,(= (* (/ (-9) (x)) (x)) (-7)),(= (x) (/ (9) (7)))
(1/x)*x=8,x=1/8,(= (* (/ (1) (x)) (x)) (8)),(= (x) (/ (1) (8)))
(5/x)*x=8,x=5/8,(= (* (/ (5) (x)) (x)) (8)),(= (x) (/ (5) (8)))
(-9/x)*x=5,x=-9/5,(= (* (/ (-9) (x)) (x)) (5)),(= (x) (/ (-9) (5)))
(8/x)*x=4,x=2,(= (* (/ (8) (x)) (x)) (4)),(= (x) (2))
(3/x)*x=4,x=3/4,(= (* (/ (3) (x)) (x)) (4)),(= (x) (/ (3) (4)))
(-2/x)*x=-2,x=1,(= (* (/ (-2) (x)) (x)) (-2)),(= (x) (1))
(-2/x)*x=1,x=-2,(= (* (/ (-2) (x)) (x)) (1)),(= (x) (-2))
(9/x)*x=-2,x=-9/2,(= (* (/ (9) (x)) (x)) (-2)),(= (x) (/ (-9) (2)))
(-3/x)*x=7,x=-3/7,(= (* (/ (-3) (x)) (x)) (7)),(= (x) (/ (-3) (7)))
(-2/x)*x=2,x=-1,(= (* (/ (-2) (x)) (x)) (2)),(= (x) (-1))
(-3/x)*x=4,x=-3/4,(= (* (/ (-3) (x)) (x)) (4)),(= (x) (/ (-3) (4)))
(-1/x)*x=6,x=-1/6,(= (* (/ (-1) (x)) (x)) (6)),(= (x) (/ (-1) (6)))
(-3/x)*x=-7,x=3/7,(= (* (/ (-3) (x)) (x)) (-7)),(= (x) (/ (3) (7)))
(-9/x)*x=-9,x=1,(= (* (/ (-9) (x)) (x)) (-9)),(= (x) (1))
(-5/x)*x=-5,x=1,(= (* (/ (-5) (x)) (x)) (-5)),(= (x) (1))
(9/x)*x=5,x=9/5,(= (* (/ (9) (x)) (x)) (5)),(= (x) (/ (9) (5)))
(-5/x)*x=1,x=-5,(= (* (/ (-5) (x)) (x)) (1)),(= (x) (-5))
(-6/x)*x=2,x=-3,(= (* (/ (-6) (x)) (x)) (2)),(= (x) (-3))
(8/x)*x=9,x=8/9,(= (* (/ (8) (x)) (x)) (9)),(= (x) (/ (8) (9)))
(-8/x)*x=-1,x=8,(= (* (/ (-8) (x)) (x)) (-1)),(= (x) (8))
0*x=3,x=0,(= (* (0) (x)) (3)),(= (x) (0))
(7/x)*x=6,x=7/6,(= (* (/ (7) (x)) (x)) (6)),(= (x) (/ (7) (6)))
(2/x)*x=3,x=2/3,(= (* (/ (2) (x)) (x)) (3)),(= (x) (/ (2) (3)))
0*x=-5,x=0,(= (* (0) (x)) (-5)),(= (x) (0))
(1/x)*x=-4,x=-1/4,(= (* (/ (1) (x)) (x)) (-4)),(= (x) (/ (-1) (4)))
(3/x)*x=-8,x=-3/8,(= (* (/ (3) (x)) (x)) (-8)),(= (x) (/ (-3) (8)))
(-4/x)*x=-8,x=1/2,(= (* (/ (-4) (x)) (x)) (-8)),(= (x) (/ (1) (2)))
(-4/x)*x=-7,x=4/7,(= (* (/ (-4) (x)) (x)) (-7)),(= (x) (/ (4) (7)))
(-4/x)*x=5,x=-4/5,(= (* (/ (-4) (x)) (x)) (5)),(= (x) (/ (-4) (5)))
(7/x)*x=-6,x=-7/6,(= (* (/ (7) (x)) (x)) (-6)),(= (x) (/ (-7) (6)))
(4/x)*x=-1,x=-4,(= (* (/ (4) (x)) (x)) (-1)),(= (x) (-4))
(5/x)*x=5,x=1,(= (* (/ (5) (x)) (x)) (5)),(= (x) (1))
(6/x)*x=-8,x=-3/4,(= (* (/ (6) (x)) (x)) (-8)),(= (x) (/ (-3) (4)))
(-1/x)*x=-6,x=1/6,(= (* (/ (-1) (x)) (x)) (-6)),(= (x) (/ (1) (6)))
(3/x)*x=3,x=1,(= (* (/ (3) (x)) (x)) (3)),(= (x) (1))
0*x=8,x=0,(= (* (0) (x)) (8)),(= (x) (0))
(5/x)*x=-6,x=-5/6,(= (* (/ (5) (x)) (x)) (-6)),(= (x) (/ (-5) (6)))
(3/x)*x=-7,x=-3/7,(= (* (/ (3) (x)) (x)) (-7)),(= (x) (/ (-3) (7)))
(5/x)*x=1,x=5,(= (* (/ (5) (x)) (x)) (1)),(= (x) (5))
(4/x)*x=1,x=4,(= (* (/ (4) (x)) (x)) (1)),(= (x) (4))
(7/x)*x=5,x=7/5,(= (* (/ (7) (x)) (x)) (5)),(= (x) (/ (7) (5)))
(-5/x)*x=8,x=-5/8,(= (* (/ (-5) (x)) (x)) (8)),(= (x) (/ (-5) (8)))
0*x=7,x=0,(= (* (0) (x)) (7)),(= (x) (0))
(2/x)*x=-5,x=-2/5,(= (* (/ (2) (x)) (x)) (-5)),(= (x) (/ (-2) (5)))
(5/x)*x=3,x=5/3,(= (* (/ (5) (x)) (x)) (3)),(= (x) (/ (5) (3)))
(-8/x)*x=7,x=-8/7,(= (* (/ (-8) (x)) (x)) (7)),(= (x) (/ (-8) (7)))
(-6/x)*x=1,x=-6,(= (* (/ (-6) (x)) (x)) (1)),(= (x) (-6))
(9/x)*x=-1,x=-9,(= (* (/ (9) (x)) (x)) (-1)),(= (x) (-9))
(-3/x)*x=3,x=-1,(= (* (/ (-3) (x)) (x)) (3)),(= (x) (-1))
(-8/x)*x=-2,x=4,(= (* (/ (-8) (x)) (x)) (-2)),(= (x) (4))
(-4/x)*x=-6,x=2/3,(= (* (/ (-4) (x)) (x)) (-6)),(= (x) (/ (2) (3)))
(-9/x)*x=-3,x=3,(= (* (/ (-9) (x)) (x)) (-3)),(= (x) (3))
(-3/x)*x=-1,x=3,(= (* (/ (-3) (x)) (x)) (-1)),(= (x) (3))
(1/x)*x=7,x=1/7,(= (* (/ (1) (x)) (x)) (7)),(= (x) (/ (1) (7)))
(1/x)*x=-5,x=-1/5,(= (* (/ (1) (x)) (x)) (-5)),(= (x) (/ (-1) (5)))
(7/x)*x=3,x=7/3,(= (* (/ (7) (x)) (x)) (3)),(= (x) (/ (7) (3)))
(-3/x)*x=9,x=-1/3,(= (* (/ (-3) (x)) (x)) (9)),(= (x) (/ (-1) (3)))
(6/x)*x=1,x=6,(= (* (/ (6) (x)) (x)) (1)),(= (x) (6))
(5/x)*x=2,x=5/2,(= (* (/ (5) (x)) (x)) (2)),(= (x) (/ (5) (2)))
(-4/x)*x=7,x=-4/7,(= (* (/ (-4) (x)) (x)) (7)),(= (x) (/ (-4) (7)))
(-5/x)*x=-6,x=5/6,(= (* (/ (-5) (x)) (x)) (-6)),(= (x) (/ (5) (6)))
0*x=-3,x=0,(= (* (0) (x)) (-3)),(= (x) (0))
(3/x)*x=1,x=3,(= (* (/ (3) (x)) (x)) (1)),(= (x) (3))
(-1/x)*x=8,x=-1/8,(= (* (/ (-1) (x)) (x)) (8)),(= (x) (/ (-1) (8)))
(8/x)*x=6,x=4/3,(= (* (/ (8) (x)) (x)) (6)),(= (x) (/ (4) (3)))
(5/x)*x=-3,x=-5/3,(= (* (/ (5) (x)) (x)) (-3)),(= (x) (/ (-5) (3)))
(-3/x)*x=-3,x=1,(= (* (/ (-3) (x)) (x)) (-3)),(= (x) (1))
(-7/x)*x=8,x=-7/8,(= (* (/ (-7) (x)) (x)) (8)),(= (x) (/ (-7) (8)))
(3/x)*x=-3,x=-1,(= (* (/ (3) (x)) (x)) (-3)),(= (x) (-1))
(-8x+-9)=1,x=-5/4,(= (+ (* (-8) (x)) (-9)) (1)),(= (x) (/ (-5) (4)))
(6x+-9)=2,x=11/6,(= (+ (* (6) (x)) (-9)) (2)),(= (x) (/ (11) (6)))
(4x+-6)=-9,x=-3/4,(= (+ (* (4) (x)) (-6)) (-9)),(= (x) (/ (-3) (4)))
(-1x+7)=-1,x=8,(= (+ (* (-1) (x)) (7)) (-1)),(= (x) (8))
(9x+7)=-1,x=-8/9,(= (+ (* (9) (x)) (7)) (-1)),(= (x) (/ (-8) (9)))
(x+8)=0,x=-8,(= (+ (x) (8)) (0)),(= (x) (-8))
(-5x+-6)=2,x=-8/5,(= (+ (* (-5) (x)) (-6)) (2)),(= (x) (/ (-8) (5)))
(7x+1)=7,x=6/7,(= (+ (* (7) (x)) (1)) (7)),(= (x) (/ (6) (7)))
(x+6)=5,x=-1,(= (+ (x) (6)) (5)),(= (x) (-1))
(-9x+1)=-6,x=7/9,(= (+ (* (-9) (x)) (1)) (-6)),(= (x) (/ (7) (9)))
(6x+-8)=-9,x=-1/6,(= (+ (* (6) (x)) (-8)) (-9)),(= (x) (/ (-1) (6)))
(-7x+9)=8,x=1/7,(= (+ (* (-7) (x)) (9)) (8)),(= (x) (/ (1) (7)))
(-4x+-3)=-7,x=1,(= (+ (* (-4) (x)) (-3)) (-7)),(= (x) (1))
(-3x+-4)=-4,x=0,(= (+ (* (-3) (x)) (-4)) (-4)),(= (x) (0))
(3x+-7)=0,x=7/3,(= (+ (* (3) (x)) (-7)) (0)),(= (x) (/ (7) (3)))
(-3x+2)=-9,x=11/3,(= (+ (* (-3) (x)) (2)) (-9)),(= (x) (/ (11) (3)))
(-2x+4)=5,x=-1/2,(= (+ (* (-2) (x)) (4)) (5)),(= (x) (/ (-1) (2)))
(3x+2)=-3,x=-5/3,(= (+ (* (3) (x)) (2)) (-3)),(= (x) (/ (-5) (3)))
(2x+-7)=4,x=11/2,(= (+ (* (2) (x)) (-7)) (4)),(= (x) (/ (11) (2)))
(6x+7)=-5,x=-2,(= (+ (* (6) (x)) (7)) (-5)),(= (x) (-2))
(6x+7)=-2,x=-3/2,(= (+ (* (6) (x)) (7)) (-2)),(= (x) (/ (-3) (2)))
(3x+8)=6,x=-2/3,(= (+ (* (3) (x)) (8)) (6)),(= (x) (/ (-2) (3)))
(-7x+-1)=9,x=-10/7,(= (+ (* (-7) (x)) (-1)) (9)),(= (x) (/ (-10) (7)))
(-8x+-7)=6,x=-13/8,(= (+ (* (-8) (x)) (-7)) (6)),(= (x) (/ (-13) (8)))
(x+7)=3,x=-4,(= (+ (x) (7)) (3)),(= (x) (-4))
(-6x+-7)=7,x=-7/3,(= (+ (* (-6) (x)) (-7)) (7)),(= (x) (/ (-7) (3)))
(x+-6)=-1,x=5,(= (+ (x) (-6)) (-1)),(= (x) (5))
(2x+9)=-2,x=-11/2,(= (+ (* (2) (x)) (9)) (-2)),(= (x) (/ (-11) (2)))
(-1x+1)=8,x=-7,(= (+ (* (-1) (x)) (1)) (8)),(= (x) (-7))
(-1x+9)=-1,x=10,(= (+ (* (-1) (x)) (9)) (-1)),(= (x) (10))
(-8x+7)=-1,x=1,(= (+ (* (-8) (x)) (7)) (-1)),(= (x) (1))
(3x+7)=7,x=0,(= (+ (* (3) (x)) (7)) (7)),(= (x) (0))
(-7x+-8)=-2,x=-6/7,(= (+ (* (-7) (x)) (-8)) (-2)),(= (x) (/ (-6) (7)))
(-3x+-6)=-3,x=-1,(= (+ (* (-3) (x)) (-6)) (-3)),(= (x) (-1))
(-1x+-6)=9,x=-15,(= (+ (* (-1) (x)) (-6)) (9)),(= (x) (-15))
(-9x+1)=-8,x=1,(= (+ (* (-9) (x)) (1)) (-8)),(= (x) (1))
(6x+9)=0,x=-3/2,(= (+ (* (6) (x)) (9)) (0)),(= (x) (/ (-3) (2)))
(-9x+6)=4,x=2/9,(= (+ (* (-9) (x)) (6)) (4)),(= (x) (/ (2) (9)))
(4x+-7)=-9,x=-1/2,(= (+ (* (4) (x)) (-7)) (-9)),(= (x) (/ (-1) (2)))
(5x+1)=-4,x=-1,(= (+ (* (5) (x)) (1)) (-4)),(= (x) (-1))
(x+6)=-7,x=-13,(= (+ (x) (6)) (-7)),(= (x) (-13))
(-5x+6)=-5,x=11/5,(= (+ (* (-5) (x)) (6)) (-5)),(= (x) (/ (11) (5)))
(-9x+3)=-1,x=4/9,(= (+ (* (-9) (x)) (3)) (-1)),(= (x) (/ (4) (9)))
(4x+-2)=-6,x=-1,(= (+ (* (4) (x)) (-2)) (-6)),(= (x) (-1))
(-4x+-6)=9,x=-15/4,(= (+ (* (-4) (x)) (-6)) (9)),(= (x) (/ (-15) (4)))
(9x+5)=5,x=0,(= (+ (* (9) (x)) (5)) (5)),(= (x) (0))
(-9x+-8)=-3,x=-5/9,(= (+ (* (-9) (x)) (-8)) (-3)),(= (x) (/ (-5) (9)))
(6x+-3)=-9,x=-1,(= (+ (* (6) (x)) (-3)) (-9)),(= (x) (-1))
(2x+6)=6,x=0,(= (+ (* (2) (x)) (6)) (6)),(= (x) (0))
(3x+-4)=0,x=4/3,(= (+ (* (3) (x)) (-4)) (0)),(= (x) (/ (4) (3)))
(-8x+8)=-8,x=2,(= (+ (* (-8) (x)) (8)) (-8)),(= (x) (2))
(-1x+2)=-8,x=10,(= (+ (* (-1) (x)) (2)) (-8)),(= (x) (10))
(-7x+6)=0,x=6/7,(= (+ (* (-7) (x)) (6)) (0)),(= (x) (/ (6) (7)))
(-1x+2)=6,x=-4,(= (+ (* (-1) (x)) (2)) (6)),(= (x) (-4))
(-1x+-8)=3,x=-11,(= (+ (* (-1) (x)) (-8)) (3)),(= (x) (-11))
(-9x+-3)=5,x=-8/9,(= (+ (* (-9) (x)) (-3)) (5)),(= (x) (/ (-8) (9)))
(3x+-5)=3,x=8/3,(= (+ (* (3) (x)) (-5)) (3)),(= (x) (/ (8) (3)))
(-2x+5)=4,x=1/2,(= (+ (* (-2) (x)) (5)) (4)),(= (x) (/ (1) (2)))
(-8x+8)=2,x=3/4,(= (+ (* (-8) (x)) (8)) (2)),(= (x) (/ (3) (4)))
(-9x+2)=4,x=-2/9,(= (+ (* (-9) (x)) (2)) (4)),(= (x) (/ (-2) (9)))
(-7x+8)=2,x=6/7,(= (+ (* (-7) (x)) (8)) (2)),(= (x) (/ (6) (7)))
(9x+-6)=0,x=2/3,(= (+ (* (9) (x)) (-6)) (0)),(= (x) (/ (2) (3)))
(8x+-2)=1,x=3/8,(= (+ (* (8) (x)) (-2)) (1)),(= (x) (/ (3) (8)))
(-9x+-8)=-1,x=-7/9,(= (+ (* (-9) (x)) (-8)) (-1)),(= (x) (/ (-7) (9)))
(-5x+-8)=-9,x=1/5,(= (+ (* (-5) (x)) (-8)) (-9)),(= (x) (/ (1) (5)))
(5x+-3)=2,x=1,(= (+ (* (5) (x)) (-3)) (2)),(= (x) (1))
(2x+-8)=-9,x=-1/2,(= (+ (* (2) (x)) (-8)) (-9)),(= (x) (/ (-1) (2)))
(3x+8)=3,x=-5/3,(= (+ (* (3) (x)) (8)) (3)),(= (x) (/ (-5) (3)))
(-4x+-4)=7,x=-11/4,(= (+ (* (-4) (x)) (-4)) (7)),(= (x) (/ (-11) (4)))
(-6x+-6)=6,x=-2,(= (+ (* (-6) (x)) (-6)) (6)),(= (x) (-2))
(3x+-4)=-6,x=-2/3,(= (+ (* (3) (x)) (-4)) (-6)),(= (x) (/ (-2) (3)))
(3x+7)=-2,x=-3,(= (+ (* (3) (x)) (7)) (-2)),(= (x) (-3))
(5x+-7)=-7,x=0,(= (+ (* (5) (x)) (-7)) (-7)),(= (x) (0))
(2x+-1)=4,x=5/2,(= (+ (* (2) (x)) (-1)) (4)),(= (x) (/ (5) (2)))
(6x+1)=-8,x=-3/2,(= (+ (* (6) (x)) (1)) (-8)),(= (x) (/ (-3) (2)))
(8x+-2)=-6,x=-1/2,(= (+ (* (8) (x)) (-2)) (-6)),(= (x) (/ (-1) (2)))
(4x+-5)=7,x=3,(= (+ (* (4) (x)) (-5)) (7)),(= (x) (3))
(3x+-8)=-2,x=2,(= (+ (* (3) (x)) (-8)) (-2)),(= (x) (2))
(9x+-4)=-1,x=1/3,(= (+ (* (9) (x)) (-4)) (-1)),(= (x) (/ (1) (3)))
(-3x+-9)=-9,x=0,(= (+ (* (-3) (x)) (-9)) (-9)),(= (x) (0))
